Twilight start,Sunrise,Sunset,Twilight end,Day length,Solar noon,Nautical twilight start,Nautical twilight end,Astronomical twilight start,Astronomical twilight end
1/1/19 6:41 AM,1/1/19 7:13 AM,1/1/19 4:22 PM,1/1/19 4:54 PM,1/1/19 9:09 AM,1/1/19 11:48 AM,1/1/19 6:06 AM,1/1/19 5:29 PM,1/1/19 5:32 AM,1/1/19 6:03 PM
1/2/19 6:41 AM,1/2/19 7:13 AM,1/2/19 4:23 PM,1/2/19 4:55 PM,1/2/19 9:10 AM,1/2/19 11:48 AM,1/2/19 6:06 AM,1/2/19 5:30 PM,1/2/19 5:32 AM,1/2/19 6:04 PM
1/3/19 6:41 AM,1/3/19 7:13 AM,1/3/19 4:24 PM,1/3/19 4:56 PM,1/3/19 9:11 AM,1/3/19 11:49 AM,1/3/19 6:06 AM,1/3/19 5:31 PM,1/3/19 5:32 AM,1/3/19 6:05 PM
1/4/19 6:41 AM,1/4/19 7:13 AM,1/4/19 4:25 PM,1/4/19 4:57 PM,1/4/19 9:12 AM,1/4/19 11:49 AM,1/4/19 6:06 AM,1/4/19 5:32 PM,1/4/19 5:32 AM,1/4/19 6:06 PM
1/5/19 6:41 AM,1/5/19 7:13 AM,1/5/19 4:26 PM,1/5/19 4:57 PM,1/5/19 9:13 AM,1/5/19 11:49 AM,1/5/19 6:06 AM,1/5/19 5:33 PM,1/5/19 5:32 AM,1/5/19 6:07 PM
1/6/19 6:41 AM,1/6/19 7:13 AM,1/6/19 4:27 PM,1/6/19 4:58 PM,1/6/19 9:14 AM,1/6/19 11:50 AM,1/6/19 6:06 AM,1/6/19 5:34 PM,1/6/19 5:32 AM,1/6/19 6:07 PM
1/7/19 6:41 AM,1/7/19 7:13 AM,1/7/19 4:28 PM,1/7/19 4:59 PM,1/7/19 9:15 AM,1/7/19 11:50 AM,1/7/19 6:06 AM,1/7/19 5:34 PM,1/7/19 5:32 AM,1/7/19 6:08 PM
1/8/19 6:41 AM,1/8/19 7:12 AM,1/8/19 4:29 PM,1/8/19 5:00 PM,1/8/19 9:16 AM,1/8/19 11:51 AM,1/8/19 6:06 AM,1/8/19 5:35 PM,1/8/19 5:32 AM,1/8/19 6:09 PM
1/9/19 6:41 AM,1/9/19 7:12 AM,1/9/19 4:30 PM,1/9/19 5:01 PM,1/9/19 9:18 AM,1/9/19 11:51 AM,1/9/19 6:06 AM,1/9/19 5:36 PM,1/9/19 5:32 AM,1/9/19 6:10 PM
1/10/19 6:41 AM,1/10/19 7:12 AM,1/10/19 4:31 PM,1/10/19 5:02 PM,1/10/19 9:19 AM,1/10/19 11:52 AM,1/10/19 6:06 AM,1/10/19 5:37 PM,1/10/19 5:32 AM,1/10/19 6:11 PM
1/11/19 6:40 AM,1/11/19 7:12 AM,1/11/19 4:32 PM,1/11/19 5:03 PM,1/11/19 9:20 AM,1/11/19 11:52 AM,1/11/19 6:06 AM,1/11/19 5:38 PM,1/11/19 5:32 AM,1/11/19 6:12 PM
1/12/19 6:40 AM,1/12/19 7:11 AM,1/12/19 4:33 PM,1/12/19 5:05 PM,1/12/19 9:22 AM,1/12/19 11:52 AM,1/12/19 6:05 AM,1/12/19 5:39 PM,1/12/19 5:32 AM,1/12/19 6:13 PM
1/13/19 6:40 AM,1/13/19 7:11 AM,1/13/19 4:35 PM,1/13/19 5:06 PM,1/13/19 9:23 AM,1/13/19 11:53 AM,1/13/19 6:05 AM,1/13/19 5:40 PM,1/13/19 5:31 AM,1/13/19 6:14 PM
1/14/19 6:39 AM,1/14/19 7:10 AM,1/14/19 4:36 PM,1/14/19 5:07 PM,1/14/19 9:25 AM,1/14/19 11:53 AM,1/14/19 6:05 AM,1/14/19 5:41 PM,1/14/19 5:31 AM,1/14/19 6:15 PM
1/15/19 6:39 AM,1/15/19 7:10 AM,1/15/19 4:37 PM,1/15/19 5:08 PM,1/15/19 9:27 AM,1/15/19 11:53 AM,1/15/19 6:04 AM,1/15/19 5:42 PM,1/15/19 5:31 AM,1/15/19 6:16 PM
1/16/19 6:39 AM,1/16/19 7:09 AM,1/16/19 4:38 PM,1/16/19 5:09 PM,1/16/19 9:28 AM,1/16/19 11:54 AM,1/16/19 6:04 AM,1/16/19 5:43 PM,1/16/19 5:30 AM,1/16/19 6:17 PM
1/17/19 6:38 AM,1/17/19 7:09 AM,1/17/19 4:39 PM,1/17/19 5:10 PM,1/17/19 9:30 AM,1/17/19 11:54 AM,1/17/19 6:04 AM,1/17/19 5:45 PM,1/17/19 5:30 AM,1/17/19 6:18 PM
1/18/19 6:38 AM,1/18/19 7:08 AM,1/18/19 4:40 PM,1/18/19 5:11 PM,1/18/19 9:32 AM,1/18/19 11:54 AM,1/18/19 6:03 AM,1/18/19 5:46 PM,1/18/19 5:30 AM,1/18/19 6:19 PM
1/19/19 6:37 AM,1/19/19 7:08 AM,1/19/19 4:42 PM,1/19/19 5:12 PM,1/19/19 9:34 AM,1/19/19 11:55 AM,1/19/19 6:03 AM,1/19/19 5:47 PM,1/19/19 5:29 AM,1/19/19 6:20 PM
1/20/19 6:36 AM,1/20/19 7:07 AM,1/20/19 4:43 PM,1/20/19 5:13 PM,1/20/19 9:36 AM,1/20/19 11:55 AM,1/20/19 6:02 AM,1/20/19 5:48 PM,1/20/19 5:29 AM,1/20/19 6:21 PM
1/21/19 6:36 AM,1/21/19 7:06 AM,1/21/19 4:44 PM,1/21/19 5:15 PM,1/21/19 9:37 AM,1/21/19 11:55 AM,1/21/19 6:02 AM,1/21/19 5:49 PM,1/21/19 5:28 AM,1/21/19 6:22 PM
1/22/19 6:35 AM,1/22/19 7:06 AM,1/22/19 4:45 PM,1/22/19 5:16 PM,1/22/19 9:39 AM,1/22/19 11:55 AM,1/22/19 6:01 AM,1/22/19 5:50 PM,1/22/19 5:28 AM,1/22/19 6:23 PM
1/23/19 6:34 AM,1/23/19 7:05 AM,1/23/19 4:47 PM,1/23/19 5:17 PM,1/23/19 9:41 AM,1/23/19 11:56 AM,1/23/19 6:00 AM,1/23/19 5:51 PM,1/23/19 5:27 AM,1/23/19 6:24 PM
1/24/19 6:34 AM,1/24/19 7:04 AM,1/24/19 4:48 PM,1/24/19 5:18 PM,1/24/19 9:44 AM,1/24/19 11:56 AM,1/24/19 6:00 AM,1/24/19 5:52 PM,1/24/19 5:26 AM,1/24/19 6:26 PM
1/25/19 6:33 AM,1/25/19 7:03 AM,1/25/19 4:49 PM,1/25/19 5:19 PM,1/25/19 9:46 AM,1/25/19 11:56 AM,1/25/19 5:59 AM,1/25/19 5:53 PM,1/25/19 5:26 AM,1/25/19 6:27 PM
1/26/19 6:32 AM,1/26/19 7:02 AM,1/26/19 4:51 PM,1/26/19 5:21 PM,1/26/19 9:48 AM,1/26/19 11:56 AM,1/26/19 5:58 AM,1/26/19 5:55 PM,1/26/19 5:25 AM,1/26/19 6:28 PM
1/27/19 6:31 AM,1/27/19 7:01 AM,1/27/19 4:52 PM,1/27/19 5:22 PM,1/27/19 9:50 AM,1/27/19 11:57 AM,1/27/19 5:58 AM,1/27/19 5:56 PM,1/27/19 5:24 AM,1/27/19 6:29 PM
1/28/19 6:31 AM,1/28/19 7:00 AM,1/28/19 4:53 PM,1/28/19 5:23 PM,1/28/19 9:52 AM,1/28/19 11:57 AM,1/28/19 5:57 AM,1/28/19 5:57 PM,1/28/19 5:24 AM,1/28/19 6:30 PM
1/29/19 6:30 AM,1/29/19 7:00 AM,1/29/19 4:54 PM,1/29/19 5:24 PM,1/29/19 9:54 AM,1/29/19 11:57 AM,1/29/19 5:56 AM,1/29/19 5:58 PM,1/29/19 5:23 AM,1/29/19 6:31 PM
1/30/19 6:29 AM,1/30/19 6:59 AM,1/30/19 4:56 PM,1/30/19 5:25 PM,1/30/19 9:57 AM,1/30/19 11:57 AM,1/30/19 5:55 AM,1/30/19 5:59 PM,1/30/19 5:22 AM,1/30/19 6:32 PM
1/31/19 6:28 AM,1/31/19 6:58 AM,1/31/19 4:57 PM,1/31/19 5:27 PM,1/31/19 9:59 AM,1/31/19 11:57 AM,1/31/19 5:54 AM,1/31/19 6:00 PM,1/31/19 5:21 AM,1/31/19 6:33 PM
2/1/19 6:27 AM,2/1/19 6:56 AM,2/1/19 4:58 PM,2/1/19 5:28 PM,2/1/19 10:01 AM,2/1/19 11:57 AM,2/1/19 5:53 AM,2/1/19 6:02 PM,2/1/19 5:20 AM,2/1/19 6:34 PM
2/2/19 6:26 AM,2/2/19 6:55 AM,2/2/19 5:00 PM,2/2/19 5:29 PM,2/2/19 10:04 AM,2/2/19 11:58 AM,2/2/19 5:52 AM,2/2/19 6:03 PM,2/2/19 5:19 AM,2/2/19 6:36 PM
2/3/19 6:25 AM,2/3/19 6:54 AM,2/3/19 5:01 PM,2/3/19 5:30 PM,2/3/19 10:06 AM,2/3/19 11:58 AM,2/3/19 5:51 AM,2/3/19 6:04 PM,2/3/19 5:18 AM,2/3/19 6:37 PM
2/4/19 6:24 AM,2/4/19 6:53 AM,2/4/19 5:02 PM,2/4/19 5:32 PM,2/4/19 10:09 AM,2/4/19 11:58 AM,2/4/19 5:50 AM,2/4/19 6:05 PM,2/4/19 5:18 AM,2/4/19 6:38 PM
2/5/19 6:23 AM,2/5/19 6:52 AM,2/5/19 5:04 PM,2/5/19 5:33 PM,2/5/19 10:11 AM,2/5/19 11:58 AM,2/5/19 5:49 AM,2/5/19 6:06 PM,2/5/19 5:17 AM,2/5/19 6:39 PM
2/6/19 6:22 AM,2/6/19 6:51 AM,2/6/19 5:05 PM,2/6/19 5:34 PM,2/6/19 10:14 AM,2/6/19 11:58 AM,2/6/19 5:48 AM,2/6/19 6:07 PM,2/6/19 5:16 AM,2/6/19 6:40 PM
2/7/19 6:20 AM,2/7/19 6:50 AM,2/7/19 5:06 PM,2/7/19 5:35 PM,2/7/19 10:16 AM,2/7/19 11:58 AM,2/7/19 5:47 AM,2/7/19 6:09 PM,2/7/19 5:14 AM,2/7/19 6:41 PM
2/8/19 6:19 AM,2/8/19 6:48 AM,2/8/19 5:07 PM,2/8/19 5:37 PM,2/8/19 10:19 AM,2/8/19 11:58 AM,2/8/19 5:46 AM,2/8/19 6:10 PM,2/8/19 5:13 AM,2/8/19 6:42 PM
2/9/19 6:18 AM,2/9/19 6:47 AM,2/9/19 5:09 PM,2/9/19 5:38 PM,2/9/19 10:21 AM,2/9/19 11:58 AM,2/9/19 5:45 AM,2/9/19 6:11 PM,2/9/19 5:12 AM,2/9/19 6:44 PM
2/10/19 6:17 AM,2/10/19 6:46 AM,2/10/19 5:10 PM,2/10/19 5:39 PM,2/10/19 10:24 AM,2/10/19 11:58 AM,2/10/19 5:44 AM,2/10/19 6:12 PM,2/10/19 5:11 AM,2/10/19 6:45 PM
2/11/19 6:16 AM,2/11/19 6:45 AM,2/11/19 5:11 PM,2/11/19 5:40 PM,2/11/19 10:26 AM,2/11/19 11:58 AM,2/11/19 5:43 AM,2/11/19 6:13 PM,2/11/19 5:10 AM,2/11/19 6:46 PM
2/12/19 6:14 AM,2/12/19 6:43 AM,2/12/19 5:13 PM,2/12/19 5:41 PM,2/12/19 10:29 AM,2/12/19 11:58 AM,2/12/19 5:41 AM,2/12/19 6:14 PM,2/12/19 5:09 AM,2/12/19 6:47 PM
2/13/19 6:13 AM,2/13/19 6:42 AM,2/13/19 5:14 PM,2/13/19 5:43 PM,2/13/19 10:32 AM,2/13/19 11:58 AM,2/13/19 5:40 AM,2/13/19 6:16 PM,2/13/19 5:08 AM,2/13/19 6:48 PM
2/14/19 6:12 AM,2/14/19 6:41 AM,2/14/19 5:15 PM,2/14/19 5:44 PM,2/14/19 10:34 AM,2/14/19 11:58 AM,2/14/19 5:39 AM,2/14/19 6:17 PM,2/14/19 5:06 AM,2/14/19 6:49 PM
2/15/19 6:10 AM,2/15/19 6:39 AM,2/15/19 5:17 PM,2/15/19 5:45 PM,2/15/19 10:37 AM,2/15/19 11:58 AM,2/15/19 5:38 AM,2/15/19 6:18 PM,2/15/19 5:05 AM,2/15/19 6:51 PM
2/16/19 6:09 AM,2/16/19 6:38 AM,2/16/19 5:18 PM,2/16/19 5:46 PM,2/16/19 10:40 AM,2/16/19 11:58 AM,2/16/19 5:36 AM,2/16/19 6:19 PM,2/16/19 5:04 AM,2/16/19 6:52 PM
2/17/19 6:08 AM,2/17/19 6:36 AM,2/17/19 5:19 PM,2/17/19 5:48 PM,2/17/19 10:42 AM,2/17/19 11:58 AM,2/17/19 5:35 AM,2/17/19 6:20 PM,2/17/19 5:02 AM,2/17/19 6:53 PM
2/18/19 6:06 AM,2/18/19 6:35 AM,2/18/19 5:20 PM,2/18/19 5:49 PM,2/18/19 10:45 AM,2/18/19 11:58 AM,2/18/19 5:34 AM,2/18/19 6:22 PM,2/18/19 5:01 AM,2/18/19 6:54 PM
2/19/19 6:05 AM,2/19/19 6:33 AM,2/19/19 5:22 PM,2/19/19 5:50 PM,2/19/19 10:48 AM,2/19/19 11:57 AM,2/19/19 5:32 AM,2/19/19 6:23 PM,2/19/19 5:00 AM,2/19/19 6:55 PM
2/20/19 6:03 AM,2/20/19 6:32 AM,2/20/19 5:23 PM,2/20/19 5:51 PM,2/20/19 10:50 AM,2/20/19 11:57 AM,2/20/19 5:31 AM,2/20/19 6:24 PM,2/20/19 4:58 AM,2/20/19 6:56 PM
2/21/19 6:02 AM,2/21/19 6:30 AM,2/21/19 5:24 PM,2/21/19 5:52 PM,2/21/19 10:53 AM,2/21/19 11:57 AM,2/21/19 5:29 AM,2/21/19 6:25 PM,2/21/19 4:57 AM,2/21/19 6:58 PM
2/22/19 6:01 AM,2/22/19 6:29 AM,2/22/19 5:25 PM,2/22/19 5:54 PM,2/22/19 10:56 AM,2/22/19 11:57 AM,2/22/19 5:28 AM,2/22/19 6:26 PM,2/22/19 4:55 AM,2/22/19 6:59 PM
2/23/19 5:59 AM,2/23/19 6:27 AM,2/23/19 5:27 PM,2/23/19 5:55 PM,2/23/19 10:59 AM,2/23/19 11:57 AM,2/23/19 5:26 AM,2/23/19 6:27 PM,2/23/19 4:54 AM,2/23/19 7:00 PM
2/24/19 5:58 AM,2/24/19 6:26 AM,2/24/19 5:28 PM,2/24/19 5:56 PM,2/24/19 11:02 AM,2/24/19 11:57 AM,2/24/19 5:25 AM,2/24/19 6:29 PM,2/24/19 4:52 AM,2/24/19 7:01 PM
2/25/19 5:56 AM,2/25/19 6:24 AM,2/25/19 5:29 PM,2/25/19 5:57 PM,2/25/19 11:04 AM,2/25/19 11:57 AM,2/25/19 5:23 AM,2/25/19 6:30 PM,2/25/19 4:51 AM,2/25/19 7:02 PM
2/26/19 5:55 AM,2/26/19 6:23 AM,2/26/19 5:30 PM,2/26/19 5:58 PM,2/26/19 11:07 AM,2/26/19 11:56 AM,2/26/19 5:22 AM,2/26/19 6:31 PM,2/26/19 4:49 AM,2/26/19 7:04 PM
2/27/19 5:53 AM,2/27/19 6:21 AM,2/27/19 5:32 PM,2/27/19 6:00 PM,2/27/19 11:10 AM,2/27/19 11:56 AM,2/27/19 5:20 AM,2/27/19 6:32 PM,2/27/19 4:48 AM,2/27/19 7:05 PM
2/28/19 5:51 AM,2/28/19 6:19 AM,2/28/19 5:33 PM,2/28/19 6:01 PM,2/28/19 11:13 AM,2/28/19 11:56 AM,2/28/19 5:19 AM,2/28/19 6:33 PM,2/28/19 4:46 AM,2/28/19 7:06 PM
3/1/19 5:50 AM,3/1/19 6:18 AM,3/1/19 5:34 PM,3/1/19 6:02 PM,3/1/19 11:16 AM,3/1/19 11:56 AM,3/1/19 5:17 AM,3/1/19 6:35 PM,3/1/19 4:45 AM,3/1/19 7:07 PM
3/2/19 5:48 AM,3/2/19 6:16 AM,3/2/19 5:35 PM,3/2/19 6:03 PM,3/2/19 11:18 AM,3/2/19 11:56 AM,3/2/19 5:16 AM,3/2/19 6:36 PM,3/2/19 4:43 AM,3/2/19 7:08 PM
3/3/19 5:47 AM,3/3/19 6:15 AM,3/3/19 5:36 PM,3/3/19 6:04 PM,3/3/19 11:21 AM,3/3/19 11:56 AM,3/3/19 5:14 AM,3/3/19 6:37 PM,3/3/19 4:42 AM,3/3/19 7:10 PM
3/4/19 5:45 AM,3/4/19 6:13 AM,3/4/19 5:38 PM,3/4/19 6:06 PM,3/4/19 11:24 AM,3/4/19 11:55 AM,3/4/19 5:12 AM,3/4/19 6:38 PM,3/4/19 4:40 AM,3/4/19 7:11 PM
3/5/19 5:43 AM,3/5/19 6:11 AM,3/5/19 5:39 PM,3/5/19 6:07 PM,3/5/19 11:27 AM,3/5/19 11:55 AM,3/5/19 5:11 AM,3/5/19 6:39 PM,3/5/19 4:38 AM,3/5/19 7:12 PM
3/6/19 5:42 AM,3/6/19 6:10 AM,3/6/19 5:40 PM,3/6/19 6:08 PM,3/6/19 11:30 AM,3/6/19 11:55 AM,3/6/19 5:09 AM,3/6/19 6:40 PM,3/6/19 4:37 AM,3/6/19 7:13 PM
3/7/19 5:40 AM,3/7/19 6:08 AM,3/7/19 5:41 PM,3/7/19 6:09 PM,3/7/19 11:33 AM,3/7/19 11:55 AM,3/7/19 5:08 AM,3/7/19 6:42 PM,3/7/19 4:35 AM,3/7/19 7:14 PM
3/8/19 5:38 AM,3/8/19 6:06 AM,3/8/19 5:42 PM,3/8/19 6:10 PM,3/8/19 11:36 AM,3/8/19 11:54 AM,3/8/19 5:06 AM,3/8/19 6:43 PM,3/8/19 4:33 AM,3/8/19 7:16 PM
3/9/19 5:37 AM,3/9/19 6:05 AM,3/9/19 5:44 PM,3/9/19 6:11 PM,3/9/19 11:38 AM,3/9/19 11:54 AM,3/9/19 5:04 AM,3/9/19 6:44 PM,3/9/19 4:31 AM,3/9/19 7:17 PM
3/10/19 6:35 AM,3/10/19 7:03 AM,3/10/19 6:45 PM,3/10/19 7:13 PM,3/10/19 11:41 AM,3/10/19 12:54 PM,3/10/19 6:03 AM,3/10/19 7:45 PM,3/10/19 5:30 AM,3/10/19 8:18 PM
3/11/19 6:33 AM,3/11/19 7:01 AM,3/11/19 6:46 PM,3/11/19 7:14 PM,3/11/19 11:44 AM,3/11/19 12:54 PM,3/11/19 6:01 AM,3/11/19 7:46 PM,3/11/19 5:28 AM,3/11/19 8:19 PM
3/12/19 6:32 AM,3/12/19 7:00 AM,3/12/19 6:47 PM,3/12/19 7:15 PM,3/12/19 11:47 AM,3/12/19 12:53 PM,3/12/19 5:59 AM,3/12/19 7:48 PM,3/12/19 5:26 AM,3/12/19 8:20 PM
3/13/19 6:30 AM,3/13/19 6:58 AM,3/13/19 6:48 PM,3/13/19 7:16 PM,3/13/19 11:50 AM,3/13/19 12:53 PM,3/13/19 5:57 AM,3/13/19 7:49 PM,3/13/19 5:24 AM,3/13/19 8:22 PM
3/14/19 6:28 AM,3/14/19 6:56 AM,3/14/19 6:49 PM,3/14/19 7:17 PM,3/14/19 11:53 AM,3/14/19 12:53 PM,3/14/19 5:56 AM,3/14/19 7:50 PM,3/14/19 5:23 AM,3/14/19 8:23 PM
3/15/19 6:27 AM,3/15/19 6:54 AM,3/15/19 6:51 PM,3/15/19 7:18 PM,3/15/19 11:56 AM,3/15/19 12:52 PM,3/15/19 5:54 AM,3/15/19 7:51 PM,3/15/19 5:21 AM,3/15/19 8:24 PM
3/16/19 6:25 AM,3/16/19 6:53 AM,3/16/19 6:52 PM,3/16/19 7:20 PM,3/16/19 11:58 AM,3/16/19 12:52 PM,3/16/19 5:52 AM,3/16/19 7:52 PM,3/16/19 5:19 AM,3/16/19 8:26 PM
3/17/19 6:23 AM,3/17/19 6:51 AM,3/17/19 6:53 PM,3/17/19 7:21 PM,3/17/19 12:01 PM,3/17/19 12:52 PM,3/17/19 5:50 AM,3/17/19 7:53 PM,3/17/19 5:17 AM,3/17/19 8:27 PM
3/18/19 6:21 AM,3/18/19 6:49 AM,3/18/19 6:54 PM,3/18/19 7:22 PM,3/18/19 12:04 PM,3/18/19 12:52 PM,3/18/19 5:49 AM,3/18/19 7:55 PM,3/18/19 5:15 AM,3/18/19 8:28 PM
3/19/19 6:20 AM,3/19/19 6:48 AM,3/19/19 6:55 PM,3/19/19 7:23 PM,3/19/19 12:07 PM,3/19/19 12:51 PM,3/19/19 5:47 AM,3/19/19 7:56 PM,3/19/19 5:13 AM,3/19/19 8:29 PM
3/20/19 6:18 AM,3/20/19 6:46 AM,3/20/19 6:56 PM,3/20/19 7:24 PM,3/20/19 12:10 PM,3/20/19 12:51 PM,3/20/19 5:45 AM,3/20/19 7:57 PM,3/20/19 5:11 AM,3/20/19 8:31 PM
3/21/19 6:16 AM,3/21/19 6:44 AM,3/21/19 6:57 PM,3/21/19 7:25 PM,3/21/19 12:13 PM,3/21/19 12:51 PM,3/21/19 5:43 AM,3/21/19 7:58 PM,3/21/19 5:10 AM,3/21/19 8:32 PM
3/22/19 6:14 AM,3/22/19 6:42 AM,3/22/19 6:59 PM,3/22/19 7:27 PM,3/22/19 12:16 PM,3/22/19 12:50 PM,3/22/19 5:41 AM,3/22/19 8:00 PM,3/22/19 5:08 AM,3/22/19 8:33 PM
3/23/19 6:13 AM,3/23/19 6:41 AM,3/23/19 7:00 PM,3/23/19 7:28 PM,3/23/19 12:19 PM,3/23/19 12:50 PM,3/23/19 5:40 AM,3/23/19 8:01 PM,3/23/19 5:06 AM,3/23/19 8:35 PM
3/24/19 6:11 AM,3/24/19 6:39 AM,3/24/19 7:01 PM,3/24/19 7:29 PM,3/24/19 12:22 PM,3/24/19 12:50 PM,3/24/19 5:38 AM,3/24/19 8:02 PM,3/24/19 5:04 AM,3/24/19 8:36 PM
3/25/19 6:09 AM,3/25/19 6:37 AM,3/25/19 7:02 PM,3/25/19 7:30 PM,3/25/19 12:24 PM,3/25/19 12:50 PM,3/25/19 5:36 AM,3/25/19 8:03 PM,3/25/19 5:02 AM,3/25/19 8:37 PM
3/26/19 6:07 AM,3/26/19 6:35 AM,3/26/19 7:03 PM,3/26/19 7:31 PM,3/26/19 12:27 PM,3/26/19 12:49 PM,3/26/19 5:34 AM,3/26/19 8:04 PM,3/26/19 5:00 AM,3/26/19 8:39 PM
3/27/19 6:06 AM,3/27/19 6:34 AM,3/27/19 7:04 PM,3/27/19 7:32 PM,3/27/19 12:30 PM,3/27/19 12:49 PM,3/27/19 5:32 AM,3/27/19 8:06 PM,3/27/19 4:58 AM,3/27/19 8:40 PM
3/28/19 6:04 AM,3/28/19 6:32 AM,3/28/19 7:05 PM,3/28/19 7:34 PM,3/28/19 12:33 PM,3/28/19 12:49 PM,3/28/19 5:30 AM,3/28/19 8:07 PM,3/28/19 4:56 AM,3/28/19 8:41 PM
3/29/19 6:02 AM,3/29/19 6:30 AM,3/29/19 7:07 PM,3/29/19 7:35 PM,3/29/19 12:36 PM,3/29/19 12:48 PM,3/29/19 5:29 AM,3/29/19 8:08 PM,3/29/19 4:54 AM,3/29/19 8:43 PM
3/30/19 6:00 AM,3/30/19 6:28 AM,3/30/19 7:08 PM,3/30/19 7:36 PM,3/30/19 12:39 PM,3/30/19 12:48 PM,3/30/19 5:27 AM,3/30/19 8:09 PM,3/30/19 4:52 AM,3/30/19 8:44 PM
3/31/19 5:58 AM,3/31/19 6:27 AM,3/31/19 7:09 PM,3/31/19 7:37 PM,3/31/19 12:42 PM,3/31/19 12:48 PM,3/31/19 5:25 AM,3/31/19 8:11 PM,3/31/19 4:50 AM,3/31/19 8:45 PM
4/1/19 5:57 AM,4/1/19 6:25 AM,4/1/19 7:10 PM,4/1/19 7:38 PM,4/1/19 12:44 PM,4/1/19 12:47 PM,4/1/19 5:23 AM,4/1/19 8:12 PM,4/1/19 4:48 AM,4/1/19 8:47 PM
4/2/19 5:55 AM,4/2/19 6:23 AM,4/2/19 7:11 PM,4/2/19 7:39 PM,4/2/19 12:47 PM,4/2/19 12:47 PM,4/2/19 5:21 AM,4/2/19 8:13 PM,4/2/19 4:46 AM,4/2/19 8:48 PM
4/3/19 5:53 AM,4/3/19 6:22 AM,4/3/19 7:12 PM,4/3/19 7:41 PM,4/3/19 12:50 PM,4/3/19 12:47 PM,4/3/19 5:19 AM,4/3/19 8:14 PM,4/3/19 4:44 AM,4/3/19 8:50 PM
4/4/19 5:51 AM,4/4/19 6:20 AM,4/4/19 7:13 PM,4/4/19 7:42 PM,4/4/19 12:53 PM,4/4/19 12:47 PM,4/4/19 5:17 AM,4/4/19 8:16 PM,4/4/19 4:42 AM,4/4/19 8:51 PM
4/5/19 5:50 AM,4/5/19 6:18 AM,4/5/19 7:14 PM,4/5/19 7:43 PM,4/5/19 12:56 PM,4/5/19 12:46 PM,4/5/19 5:16 AM,4/5/19 8:17 PM,4/5/19 4:40 AM,4/5/19 8:52 PM
4/6/19 5:48 AM,4/6/19 6:16 AM,4/6/19 7:16 PM,4/6/19 7:44 PM,4/6/19 12:59 PM,4/6/19 12:46 PM,4/6/19 5:14 AM,4/6/19 8:18 PM,4/6/19 4:38 AM,4/6/19 8:54 PM
4/7/19 5:46 AM,4/7/19 6:15 AM,4/7/19 7:17 PM,4/7/19 7:45 PM,4/7/19 1:01 PM,4/7/19 12:46 PM,4/7/19 5:12 AM,4/7/19 8:20 PM,4/7/19 4:36 AM,4/7/19 8:55 PM
4/8/19 5:44 AM,4/8/19 6:13 AM,4/8/19 7:18 PM,4/8/19 7:46 PM,4/8/19 1:04 PM,4/8/19 12:45 PM,4/8/19 5:10 AM,4/8/19 8:21 PM,4/8/19 4:34 AM,4/8/19 8:57 PM
4/9/19 5:43 AM,4/9/19 6:11 AM,4/9/19 7:19 PM,4/9/19 7:48 PM,4/9/19 1:07 PM,4/9/19 12:45 PM,4/9/19 5:08 AM,4/9/19 8:22 PM,4/9/19 4:32 AM,4/9/19 8:58 PM
4/10/19 5:41 AM,4/10/19 6:10 AM,4/10/19 7:20 PM,4/10/19 7:49 PM,4/10/19 1:10 PM,4/10/19 12:45 PM,4/10/19 5:06 AM,4/10/19 8:23 PM,4/10/19 4:30 AM,4/10/19 9:00 PM
4/11/19 5:39 AM,4/11/19 6:08 AM,4/11/19 7:21 PM,4/11/19 7:50 PM,4/11/19 1:13 PM,4/11/19 12:45 PM,4/11/19 5:05 AM,4/11/19 8:25 PM,4/11/19 4:28 AM,4/11/19 9:01 PM
4/12/19 5:38 AM,4/12/19 6:06 AM,4/12/19 7:22 PM,4/12/19 7:51 PM,4/12/19 1:15 PM,4/12/19 12:44 PM,4/12/19 5:03 AM,4/12/19 8:26 PM,4/12/19 4:26 AM,4/12/19 9:03 PM
4/13/19 5:36 AM,4/13/19 6:05 AM,4/13/19 7:23 PM,4/13/19 7:52 PM,4/13/19 1:18 PM,4/13/19 12:44 PM,4/13/19 5:01 AM,4/13/19 8:27 PM,4/13/19 4:24 AM,4/13/19 9:04 PM
4/14/19 5:34 AM,4/14/19 6:03 AM,4/14/19 7:25 PM,4/14/19 7:54 PM,4/14/19 1:21 PM,4/14/19 12:44 PM,4/14/19 4:59 AM,4/14/19 8:29 PM,4/14/19 4:22 AM,4/14/19 9:06 PM
4/15/19 5:32 AM,4/15/19 6:02 AM,4/15/19 7:26 PM,4/15/19 7:55 PM,4/15/19 1:24 PM,4/15/19 12:44 PM,4/15/19 4:57 AM,4/15/19 8:30 PM,4/15/19 4:20 AM,4/15/19 9:07 PM
4/16/19 5:31 AM,4/16/19 6:00 AM,4/16/19 7:27 PM,4/16/19 7:56 PM,4/16/19 1:26 PM,4/16/19 12:43 PM,4/16/19 4:55 AM,4/16/19 8:31 PM,4/16/19 4:18 AM,4/16/19 9:09 PM
4/17/19 5:29 AM,4/17/19 5:58 AM,4/17/19 7:28 PM,4/17/19 7:57 PM,4/17/19 1:29 PM,4/17/19 12:43 PM,4/17/19 4:54 AM,4/17/19 8:33 PM,4/17/19 4:16 AM,4/17/19 9:10 PM
4/18/19 5:27 AM,4/18/19 5:57 AM,4/18/19 7:29 PM,4/18/19 7:58 PM,4/18/19 1:32 PM,4/18/19 12:43 PM,4/18/19 4:52 AM,4/18/19 8:34 PM,4/18/19 4:14 AM,4/18/19 9:12 PM
4/19/19 5:26 AM,4/19/19 5:55 AM,4/19/19 7:30 PM,4/19/19 8:00 PM,4/19/19 1:34 PM,4/19/19 12:43 PM,4/19/19 4:50 AM,4/19/19 8:35 PM,4/19/19 4:12 AM,4/19/19 9:14 PM
4/20/19 5:24 AM,4/20/19 5:54 AM,4/20/19 7:31 PM,4/20/19 8:01 PM,4/20/19 1:37 PM,4/20/19 12:43 PM,4/20/19 4:48 AM,4/20/19 8:37 PM,4/20/19 4:10 AM,4/20/19 9:15 PM
4/21/19 5:23 AM,4/21/19 5:52 AM,4/21/19 7:32 PM,4/21/19 8:02 PM,4/21/19 1:40 PM,4/21/19 12:42 PM,4/21/19 4:47 AM,4/21/19 8:38 PM,4/21/19 4:08 AM,4/21/19 9:17 PM
4/22/19 5:21 AM,4/22/19 5:51 AM,4/22/19 7:34 PM,4/22/19 8:03 PM,4/22/19 1:42 PM,4/22/19 12:42 PM,4/22/19 4:45 AM,4/22/19 8:40 PM,4/22/19 4:06 AM,4/22/19 9:18 PM
4/23/19 5:19 AM,4/23/19 5:49 AM,4/23/19 7:35 PM,4/23/19 8:05 PM,4/23/19 1:45 PM,4/23/19 12:42 PM,4/23/19 4:43 AM,4/23/19 8:41 PM,4/23/19 4:04 AM,4/23/19 9:20 PM
4/24/19 5:18 AM,4/24/19 5:48 AM,4/24/19 7:36 PM,4/24/19 8:06 PM,4/24/19 1:48 PM,4/24/19 12:42 PM,4/24/19 4:41 AM,4/24/19 8:42 PM,4/24/19 4:02 AM,4/24/19 9:22 PM
4/25/19 5:16 AM,4/25/19 5:46 AM,4/25/19 7:37 PM,4/25/19 8:07 PM,4/25/19 1:50 PM,4/25/19 12:42 PM,4/25/19 4:40 AM,4/25/19 8:44 PM,4/25/19 4:00 AM,4/25/19 9:23 PM
4/26/19 5:15 AM,4/26/19 5:45 AM,4/26/19 7:38 PM,4/26/19 8:08 PM,4/26/19 1:53 PM,4/26/19 12:41 PM,4/26/19 4:38 AM,4/26/19 8:45 PM,4/26/19 3:58 AM,4/26/19 9:25 PM
4/27/19 5:13 AM,4/27/19 5:43 AM,4/27/19 7:39 PM,4/27/19 8:09 PM,4/27/19 1:55 PM,4/27/19 12:41 PM,4/27/19 4:36 AM,4/27/19 8:46 PM,4/27/19 3:56 AM,4/27/19 9:27 PM
4/28/19 5:12 AM,4/28/19 5:42 AM,4/28/19 7:40 PM,4/28/19 8:11 PM,4/28/19 1:58 PM,4/28/19 12:41 PM,4/28/19 4:34 AM,4/28/19 8:48 PM,4/28/19 3:54 AM,4/28/19 9:28 PM
4/29/19 5:10 AM,4/29/19 5:41 AM,4/29/19 7:41 PM,4/29/19 8:12 PM,4/29/19 2:00 PM,4/29/19 12:41 PM,4/29/19 4:33 AM,4/29/19 8:49 PM,4/29/19 3:52 AM,4/29/19 9:30 PM
4/30/19 5:09 AM,4/30/19 5:39 AM,4/30/19 7:43 PM,4/30/19 8:13 PM,4/30/19 2:03 PM,4/30/19 12:41 PM,4/30/19 4:31 AM,4/30/19 8:51 PM,4/30/19 3:50 AM,4/30/19 9:32 PM
5/1/19 5:07 AM,5/1/19 5:38 AM,5/1/19 7:44 PM,5/1/19 8:14 PM,5/1/19 2:05 PM,5/1/19 12:41 PM,5/1/19 4:30 AM,5/1/19 8:52 PM,5/1/19 3:48 AM,5/1/19 9:33 PM
5/2/19 5:06 AM,5/2/19 5:37 AM,5/2/19 7:45 PM,5/2/19 8:15 PM,5/2/19 2:08 PM,5/2/19 12:41 PM,5/2/19 4:28 AM,5/2/19 8:53 PM,5/2/19 3:46 AM,5/2/19 9:35 PM
5/3/19 5:04 AM,5/3/19 5:35 AM,5/3/19 7:46 PM,5/3/19 8:17 PM,5/3/19 2:10 PM,5/3/19 12:41 PM,5/3/19 4:26 AM,5/3/19 8:55 PM,5/3/19 3:44 AM,5/3/19 9:37 PM
5/4/19 5:03 AM,5/4/19 5:34 AM,5/4/19 7:47 PM,5/4/19 8:18 PM,5/4/19 2:12 PM,5/4/19 12:40 PM,5/4/19 4:25 AM,5/4/19 8:56 PM,5/4/19 3:43 AM,5/4/19 9:38 PM
5/5/19 5:02 AM,5/5/19 5:33 AM,5/5/19 7:48 PM,5/5/19 8:19 PM,5/5/19 2:15 PM,5/5/19 12:40 PM,5/5/19 4:23 AM,5/5/19 8:58 PM,5/5/19 3:41 AM,5/5/19 9:40 PM
5/6/19 5:00 AM,5/6/19 5:32 AM,5/6/19 7:49 PM,5/6/19 8:20 PM,5/6/19 2:17 PM,5/6/19 12:40 PM,5/6/19 4:22 AM,5/6/19 8:59 PM,5/6/19 3:39 AM,5/6/19 9:42 PM
5/7/19 4:59 AM,5/7/19 5:30 AM,5/7/19 7:50 PM,5/7/19 8:22 PM,5/7/19 2:19 PM,5/7/19 12:40 PM,5/7/19 4:20 AM,5/7/19 9:00 PM,5/7/19 3:37 AM,5/7/19 9:44 PM
5/8/19 4:58 AM,5/8/19 5:29 AM,5/8/19 7:51 PM,5/8/19 8:23 PM,5/8/19 2:22 PM,5/8/19 12:40 PM,5/8/19 4:19 AM,5/8/19 9:02 PM,5/8/19 3:35 AM,5/8/19 9:45 PM
5/9/19 4:56 AM,5/9/19 5:28 AM,5/9/19 7:52 PM,5/9/19 8:24 PM,5/9/19 2:24 PM,5/9/19 12:40 PM,5/9/19 4:17 AM,5/9/19 9:03 PM,5/9/19 3:33 AM,5/9/19 9:47 PM
5/10/19 4:55 AM,5/10/19 5:27 AM,5/10/19 7:53 PM,5/10/19 8:25 PM,5/10/19 2:26 PM,5/10/19 12:40 PM,5/10/19 4:16 AM,5/10/19 9:05 PM,5/10/19 3:32 AM,5/10/19 9:49 PM
5/11/19 4:54 AM,5/11/19 5:26 AM,5/11/19 7:55 PM,5/11/19 8:26 PM,5/11/19 2:28 PM,5/11/19 12:40 PM,5/11/19 4:14 AM,5/11/19 9:06 PM,5/11/19 3:30 AM,5/11/19 9:50 PM
5/12/19 4:53 AM,5/12/19 5:25 AM,5/12/19 7:56 PM,5/12/19 8:27 PM,5/12/19 2:31 PM,5/12/19 12:40 PM,5/12/19 4:13 AM,5/12/19 9:07 PM,5/12/19 3:28 AM,5/12/19 9:52 PM
5/13/19 4:52 AM,5/13/19 5:24 AM,5/13/19 7:57 PM,5/13/19 8:29 PM,5/13/19 2:33 PM,5/13/19 12:40 PM,5/13/19 4:12 AM,5/13/19 9:09 PM,5/13/19 3:26 AM,5/13/19 9:54 PM
5/14/19 4:50 AM,5/14/19 5:22 AM,5/14/19 7:58 PM,5/14/19 8:30 PM,5/14/19 2:35 PM,5/14/19 12:40 PM,5/14/19 4:10 AM,5/14/19 9:10 PM,5/14/19 3:25 AM,5/14/19 9:55 PM
5/15/19 4:49 AM,5/15/19 5:21 AM,5/15/19 7:59 PM,5/15/19 8:31 PM,5/15/19 2:37 PM,5/15/19 12:40 PM,5/15/19 4:09 AM,5/15/19 9:11 PM,5/15/19 3:23 AM,5/15/19 9:57 PM
5/16/19 4:48 AM,5/16/19 5:21 AM,5/16/19 8:00 PM,5/16/19 8:32 PM,5/16/19 2:39 PM,5/16/19 12:40 PM,5/16/19 4:08 AM,5/16/19 9:13 PM,5/16/19 3:21 AM,5/16/19 9:59 PM
5/17/19 4:47 AM,5/17/19 5:20 AM,5/17/19 8:01 PM,5/17/19 8:33 PM,5/17/19 2:41 PM,5/17/19 12:40 PM,5/17/19 4:06 AM,5/17/19 9:14 PM,5/17/19 3:20 AM,5/17/19 10:00 PM
5/18/19 4:46 AM,5/18/19 5:19 AM,5/18/19 8:02 PM,5/18/19 8:34 PM,5/18/19 2:43 PM,5/18/19 12:40 PM,5/18/19 4:05 AM,5/18/19 9:15 PM,5/18/19 3:18 AM,5/18/19 10:02 PM
5/19/19 4:45 AM,5/19/19 5:18 AM,5/19/19 8:03 PM,5/19/19 8:35 PM,5/19/19 2:45 PM,5/19/19 12:40 PM,5/19/19 4:04 AM,5/19/19 9:17 PM,5/19/19 3:17 AM,5/19/19 10:04 PM
5/20/19 4:44 AM,5/20/19 5:17 AM,5/20/19 8:04 PM,5/20/19 8:36 PM,5/20/19 2:46 PM,5/20/19 12:40 PM,5/20/19 4:03 AM,5/20/19 9:18 PM,5/20/19 3:15 AM,5/20/19 10:05 PM
5/21/19 4:43 AM,5/21/19 5:16 AM,5/21/19 8:05 PM,5/21/19 8:38 PM,5/21/19 2:48 PM,5/21/19 12:40 PM,5/21/19 4:02 AM,5/21/19 9:19 PM,5/21/19 3:14 AM,5/21/19 10:07 PM
5/22/19 4:42 AM,5/22/19 5:15 AM,5/22/19 8:06 PM,5/22/19 8:39 PM,5/22/19 2:50 PM,5/22/19 12:40 PM,5/22/19 4:01 AM,5/22/19 9:20 PM,5/22/19 3:12 AM,5/22/19 10:09 PM
5/23/19 4:41 AM,5/23/19 5:15 AM,5/23/19 8:07 PM,5/23/19 8:40 PM,5/23/19 2:52 PM,5/23/19 12:41 PM,5/23/19 4:00 AM,5/23/19 9:22 PM,5/23/19 3:11 AM,5/23/19 10:10 PM
5/24/19 4:41 AM,5/24/19 5:14 AM,5/24/19 8:08 PM,5/24/19 8:41 PM,5/24/19 2:53 PM,5/24/19 12:41 PM,5/24/19 3:59 AM,5/24/19 9:23 PM,5/24/19 3:10 AM,5/24/19 10:12 PM
5/25/19 4:40 AM,5/25/19 5:13 AM,5/25/19 8:08 PM,5/25/19 8:42 PM,5/25/19 2:55 PM,5/25/19 12:41 PM,5/25/19 3:58 AM,5/25/19 9:24 PM,5/25/19 3:08 AM,5/25/19 10:13 PM
5/26/19 4:39 AM,5/26/19 5:12 AM,5/26/19 8:09 PM,5/26/19 8:43 PM,5/26/19 2:56 PM,5/26/19 12:41 PM,5/26/19 3:57 AM,5/26/19 9:25 PM,5/26/19 3:07 AM,5/26/19 10:15 PM
5/27/19 4:38 AM,5/27/19 5:12 AM,5/27/19 8:10 PM,5/27/19 8:44 PM,5/27/19 2:58 PM,5/27/19 12:41 PM,5/27/19 3:56 AM,5/27/19 9:26 PM,5/27/19 3:06 AM,5/27/19 10:16 PM
5/28/19 4:38 AM,5/28/19 5:11 AM,5/28/19 8:11 PM,5/28/19 8:45 PM,5/28/19 2:59 PM,5/28/19 12:41 PM,5/28/19 3:55 AM,5/28/19 9:27 PM,5/28/19 3:04 AM,5/28/19 10:18 PM
5/29/19 4:37 AM,5/29/19 5:11 AM,5/29/19 8:12 PM,5/29/19 8:46 PM,5/29/19 3:01 PM,5/29/19 12:41 PM,5/29/19 3:54 AM,5/29/19 9:28 PM,5/29/19 3:03 AM,5/29/19 10:19 PM
5/30/19 4:36 AM,5/30/19 5:10 AM,5/30/19 8:13 PM,5/30/19 8:46 PM,5/30/19 3:02 PM,5/30/19 12:41 PM,5/30/19 3:53 AM,5/30/19 9:30 PM,5/30/19 3:02 AM,5/30/19 10:21 PM
5/31/19 4:36 AM,5/31/19 5:10 AM,5/31/19 8:13 PM,5/31/19 8:47 PM,5/31/19 3:03 PM,5/31/19 12:42 PM,5/31/19 3:52 AM,5/31/19 9:31 PM,5/31/19 3:01 AM,5/31/19 10:22 PM
6/1/19 4:35 AM,6/1/19 5:09 AM,6/1/19 8:14 PM,6/1/19 8:48 PM,6/1/19 3:05 PM,6/1/19 12:42 PM,6/1/19 3:52 AM,6/1/19 9:32 PM,6/1/19 3:00 AM,6/1/19 10:23 PM
6/2/19 4:35 AM,6/2/19 5:09 AM,6/2/19 8:15 PM,6/2/19 8:49 PM,6/2/19 3:06 PM,6/2/19 12:42 PM,6/2/19 3:51 AM,6/2/19 9:33 PM,6/2/19 2:59 AM,6/2/19 10:25 PM
6/3/19 4:34 AM,6/3/19 5:08 AM,6/3/19 8:16 PM,6/3/19 8:50 PM,6/3/19 3:07 PM,6/3/19 12:42 PM,6/3/19 3:50 AM,6/3/19 9:34 PM,6/3/19 2:58 AM,6/3/19 10:26 PM
6/4/19 4:34 AM,6/4/19 5:08 AM,6/4/19 8:16 PM,6/4/19 8:51 PM,6/4/19 3:08 PM,6/4/19 12:42 PM,6/4/19 3:50 AM,6/4/19 9:34 PM,6/4/19 2:57 AM,6/4/19 10:27 PM
6/5/19 4:33 AM,6/5/19 5:08 AM,6/5/19 8:17 PM,6/5/19 8:51 PM,6/5/19 3:09 PM,6/5/19 12:42 PM,6/5/19 3:49 AM,6/5/19 9:35 PM,6/5/19 2:57 AM,6/5/19 10:28 PM
6/6/19 4:33 AM,6/6/19 5:07 AM,6/6/19 8:18 PM,6/6/19 8:52 PM,6/6/19 3:10 PM,6/6/19 12:43 PM,6/6/19 3:49 AM,6/6/19 9:36 PM,6/6/19 2:56 AM,6/6/19 10:29 PM
6/7/19 4:33 AM,6/7/19 5:07 AM,6/7/19 8:18 PM,6/7/19 8:53 PM,6/7/19 3:11 PM,6/7/19 12:43 PM,6/7/19 3:48 AM,6/7/19 9:37 PM,6/7/19 2:55 AM,6/7/19 10:30 PM
6/8/19 4:32 AM,6/8/19 5:07 AM,6/8/19 8:19 PM,6/8/19 8:53 PM,6/8/19 3:12 PM,6/8/19 12:43 PM,6/8/19 3:48 AM,6/8/19 9:38 PM,6/8/19 2:55 AM,6/8/19 10:31 PM
6/9/19 4:32 AM,6/9/19 5:07 AM,6/9/19 8:20 PM,6/9/19 8:54 PM,6/9/19 3:13 PM,6/9/19 12:43 PM,6/9/19 3:48 AM,6/9/19 9:38 PM,6/9/19 2:54 AM,6/9/19 10:32 PM
6/10/19 4:32 AM,6/10/19 5:06 AM,6/10/19 8:20 PM,6/10/19 8:55 PM,6/10/19 3:13 PM,6/10/19 12:43 PM,6/10/19 3:47 AM,6/10/19 9:39 PM,6/10/19 2:54 AM,6/10/19 10:33 PM
6/11/19 4:32 AM,6/11/19 5:06 AM,6/11/19 8:21 PM,6/11/19 8:55 PM,6/11/19 3:14 PM,6/11/19 12:44 PM,6/11/19 3:47 AM,6/11/19 9:40 PM,6/11/19 2:53 AM,6/11/19 10:34 PM
6/12/19 4:32 AM,6/12/19 5:06 AM,6/12/19 8:21 PM,6/12/19 8:56 PM,6/12/19 3:14 PM,6/12/19 12:44 PM,6/12/19 3:47 AM,6/12/19 9:40 PM,6/12/19 2:53 AM,6/12/19 10:35 PM
6/13/19 4:32 AM,6/13/19 5:06 AM,6/13/19 8:22 PM,6/13/19 8:56 PM,6/13/19 3:15 PM,6/13/19 12:44 PM,6/13/19 3:47 AM,6/13/19 9:41 PM,6/13/19 2:52 AM,6/13/19 10:35 PM
6/14/19 4:32 AM,6/14/19 5:06 AM,6/14/19 8:22 PM,6/14/19 8:57 PM,6/14/19 3:15 PM,6/14/19 12:44 PM,6/14/19 3:47 AM,6/14/19 9:42 PM,6/14/19 2:52 AM,6/14/19 10:36 PM
6/15/19 4:32 AM,6/15/19 5:06 AM,6/15/19 8:22 PM,6/15/19 8:57 PM,6/15/19 3:16 PM,6/15/19 12:44 PM,6/15/19 3:47 AM,6/15/19 9:42 PM,6/15/19 2:52 AM,6/15/19 10:37 PM
6/16/19 4:32 AM,6/16/19 5:06 AM,6/16/19 8:23 PM,6/16/19 8:58 PM,6/16/19 3:16 PM,6/16/19 12:45 PM,6/16/19 3:47 AM,6/16/19 9:42 PM,6/16/19 2:52 AM,6/16/19 10:37 PM
6/17/19 4:32 AM,6/17/19 5:06 AM,6/17/19 8:23 PM,6/17/19 8:58 PM,6/17/19 3:16 PM,6/17/19 12:45 PM,6/17/19 3:47 AM,6/17/19 9:43 PM,6/17/19 2:52 AM,6/17/19 10:38 PM
6/18/19 4:32 AM,6/18/19 5:07 AM,6/18/19 8:24 PM,6/18/19 8:58 PM,6/18/19 3:17 PM,6/18/19 12:45 PM,6/18/19 3:47 AM,6/18/19 9:43 PM,6/18/19 2:52 AM,6/18/19 10:38 PM
6/19/19 4:32 AM,6/19/19 5:07 AM,6/19/19 8:24 PM,6/19/19 8:59 PM,6/19/19 3:17 PM,6/19/19 12:45 PM,6/19/19 3:47 AM,6/19/19 9:44 PM,6/19/19 2:52 AM,6/19/19 10:38 PM
6/20/19 4:32 AM,6/20/19 5:07 AM,6/20/19 8:24 PM,6/20/19 8:59 PM,6/20/19 3:17 PM,6/20/19 12:45 PM,6/20/19 3:47 AM,6/20/19 9:44 PM,6/20/19 2:52 AM,6/20/19 10:39 PM
6/21/19 4:32 AM,6/21/19 5:07 AM,6/21/19 8:24 PM,6/21/19 8:59 PM,6/21/19 3:17 PM,6/21/19 12:46 PM,6/21/19 3:47 AM,6/21/19 9:44 PM,6/21/19 2:52 AM,6/21/19 10:39 PM
6/22/19 4:33 AM,6/22/19 5:07 AM,6/22/19 8:24 PM,6/22/19 8:59 PM,6/22/19 3:17 PM,6/22/19 12:46 PM,6/22/19 3:48 AM,6/22/19 9:44 PM,6/22/19 2:53 AM,6/22/19 10:39 PM
6/23/19 4:33 AM,6/23/19 5:08 AM,6/23/19 8:25 PM,6/23/19 8:59 PM,6/23/19 3:16 PM,6/23/19 12:46 PM,6/23/19 3:48 AM,6/23/19 9:44 PM,6/23/19 2:53 AM,6/23/19 10:39 PM
6/24/19 4:33 AM,6/24/19 5:08 AM,6/24/19 8:25 PM,6/24/19 8:59 PM,6/24/19 3:16 PM,6/24/19 12:46 PM,6/24/19 3:48 AM,6/24/19 9:44 PM,6/24/19 2:53 AM,6/24/19 10:39 PM
6/25/19 4:34 AM,6/25/19 5:08 AM,6/25/19 8:25 PM,6/25/19 8:59 PM,6/25/19 3:16 PM,6/25/19 12:47 PM,6/25/19 3:49 AM,6/25/19 9:44 PM,6/25/19 2:54 AM,6/25/19 10:39 PM
6/26/19 4:34 AM,6/26/19 5:09 AM,6/26/19 8:25 PM,6/26/19 8:59 PM,6/26/19 3:16 PM,6/26/19 12:47 PM,6/26/19 3:49 AM,6/26/19 9:44 PM,6/26/19 2:55 AM,6/26/19 10:39 PM
6/27/19 4:34 AM,6/27/19 5:09 AM,6/27/19 8:25 PM,6/27/19 8:59 PM,6/27/19 3:15 PM,6/27/19 12:47 PM,6/27/19 3:50 AM,6/27/19 9:44 PM,6/27/19 2:55 AM,6/27/19 10:39 PM
6/28/19 4:35 AM,6/28/19 5:10 AM,6/28/19 8:25 PM,6/28/19 8:59 PM,6/28/19 3:15 PM,6/28/19 12:47 PM,6/28/19 3:50 AM,6/28/19 9:44 PM,6/28/19 2:56 AM,6/28/19 10:38 PM
6/29/19 4:35 AM,6/29/19 5:10 AM,6/29/19 8:25 PM,6/29/19 8:59 PM,6/29/19 3:14 PM,6/29/19 12:47 PM,6/29/19 3:51 AM,6/29/19 9:44 PM,6/29/19 2:57 AM,6/29/19 10:38 PM
6/30/19 4:36 AM,6/30/19 5:11 AM,6/30/19 8:25 PM,6/30/19 8:59 PM,6/30/19 3:14 PM,6/30/19 12:48 PM,6/30/19 3:51 AM,6/30/19 9:44 PM,6/30/19 2:57 AM,6/30/19 10:38 PM
7/1/19 4:37 AM,7/1/19 5:11 AM,7/1/19 8:24 PM,7/1/19 8:59 PM,7/1/19 3:13 PM,7/1/19 12:48 PM,7/1/19 3:52 AM,7/1/19 9:43 PM,7/1/19 2:58 AM,7/1/19 10:37 PM
7/2/19 4:37 AM,7/2/19 5:12 AM,7/2/19 8:24 PM,7/2/19 8:59 PM,7/2/19 3:12 PM,7/2/19 12:48 PM,7/2/19 3:53 AM,7/2/19 9:43 PM,7/2/19 2:59 AM,7/2/19 10:37 PM
7/3/19 4:38 AM,7/3/19 5:12 AM,7/3/19 8:24 PM,7/3/19 8:58 PM,7/3/19 3:11 PM,7/3/19 12:48 PM,7/3/19 3:54 AM,7/3/19 9:43 PM,7/3/19 3:00 AM,7/3/19 10:36 PM
7/4/19 4:38 AM,7/4/19 5:13 AM,7/4/19 8:24 PM,7/4/19 8:58 PM,7/4/19 3:11 PM,7/4/19 12:48 PM,7/4/19 3:54 AM,7/4/19 9:42 PM,7/4/19 3:01 AM,7/4/19 10:35 PM
7/5/19 4:39 AM,7/5/19 5:13 AM,7/5/19 8:24 PM,7/5/19 8:58 PM,7/5/19 3:10 PM,7/5/19 12:48 PM,7/5/19 3:55 AM,7/5/19 9:42 PM,7/5/19 3:02 AM,7/5/19 10:35 PM
7/6/19 4:40 AM,7/6/19 5:14 AM,7/6/19 8:23 PM,7/6/19 8:57 PM,7/6/19 3:09 PM,7/6/19 12:49 PM,7/6/19 3:56 AM,7/6/19 9:41 PM,7/6/19 3:03 AM,7/6/19 10:34 PM
7/7/19 4:41 AM,7/7/19 5:15 AM,7/7/19 8:23 PM,7/7/19 8:57 PM,7/7/19 3:08 PM,7/7/19 12:49 PM,7/7/19 3:57 AM,7/7/19 9:41 PM,7/7/19 3:04 AM,7/7/19 10:33 PM
7/8/19 4:41 AM,7/8/19 5:15 AM,7/8/19 8:22 PM,7/8/19 8:56 PM,7/8/19 3:07 PM,7/8/19 12:49 PM,7/8/19 3:58 AM,7/8/19 9:40 PM,7/8/19 3:06 AM,7/8/19 10:32 PM
7/9/19 4:42 AM,7/9/19 5:16 AM,7/9/19 8:22 PM,7/9/19 8:56 PM,7/9/19 3:05 PM,7/9/19 12:49 PM,7/9/19 3:59 AM,7/9/19 9:40 PM,7/9/19 3:07 AM,7/9/19 10:31 PM
7/10/19 4:43 AM,7/10/19 5:17 AM,7/10/19 8:22 PM,7/10/19 8:55 PM,7/10/19 3:04 PM,7/10/19 12:49 PM,7/10/19 4:00 AM,7/10/19 9:39 PM,7/10/19 3:08 AM,7/10/19 10:30 PM
7/11/19 4:44 AM,7/11/19 5:18 AM,7/11/19 8:21 PM,7/11/19 8:55 PM,7/11/19 3:03 PM,7/11/19 12:49 PM,7/11/19 4:01 AM,7/11/19 9:38 PM,7/11/19 3:09 AM,7/11/19 10:29 PM
7/12/19 4:45 AM,7/12/19 5:18 AM,7/12/19 8:21 PM,7/12/19 8:54 PM,7/12/19 3:02 PM,7/12/19 12:49 PM,7/12/19 4:02 AM,7/12/19 9:37 PM,7/12/19 3:11 AM,7/12/19 10:28 PM
7/13/19 4:46 AM,7/13/19 5:19 AM,7/13/19 8:20 PM,7/13/19 8:54 PM,7/13/19 3:00 PM,7/13/19 12:50 PM,7/13/19 4:03 AM,7/13/19 9:36 PM,7/13/19 3:12 AM,7/13/19 10:27 PM
7/14/19 4:47 AM,7/14/19 5:20 AM,7/14/19 8:19 PM,7/14/19 8:53 PM,7/14/19 2:59 PM,7/14/19 12:50 PM,7/14/19 4:04 AM,7/14/19 9:36 PM,7/14/19 3:14 AM,7/14/19 10:26 PM
7/15/19 4:47 AM,7/15/19 5:21 AM,7/15/19 8:19 PM,7/15/19 8:52 PM,7/15/19 2:57 PM,7/15/19 12:50 PM,7/15/19 4:05 AM,7/15/19 9:35 PM,7/15/19 3:15 AM,7/15/19 10:25 PM
7/16/19 4:48 AM,7/16/19 5:22 AM,7/16/19 8:18 PM,7/16/19 8:51 PM,7/16/19 2:56 PM,7/16/19 12:50 PM,7/16/19 4:06 AM,7/16/19 9:34 PM,7/16/19 3:16 AM,7/16/19 10:23 PM
7/17/19 4:49 AM,7/17/19 5:23 AM,7/17/19 8:17 PM,7/17/19 8:51 PM,7/17/19 2:54 PM,7/17/19 12:50 PM,7/17/19 4:07 AM,7/17/19 9:33 PM,7/17/19 3:18 AM,7/17/19 10:22 PM
7/18/19 4:50 AM,7/18/19 5:23 AM,7/18/19 8:17 PM,7/18/19 8:50 PM,7/18/19 2:53 PM,7/18/19 12:50 PM,7/18/19 4:08 AM,7/18/19 9:32 PM,7/18/19 3:19 AM,7/18/19 10:21 PM
7/19/19 4:51 AM,7/19/19 5:24 AM,7/19/19 8:16 PM,7/19/19 8:49 PM,7/19/19 2:51 PM,7/19/19 12:50 PM,7/19/19 4:09 AM,7/19/19 9:31 PM,7/19/19 3:21 AM,7/19/19 10:19 PM
7/20/19 4:52 AM,7/20/19 5:25 AM,7/20/19 8:15 PM,7/20/19 8:48 PM,7/20/19 2:49 PM,7/20/19 12:50 PM,7/20/19 4:11 AM,7/20/19 9:30 PM,7/20/19 3:22 AM,7/20/19 10:18 PM
7/21/19 4:53 AM,7/21/19 5:26 AM,7/21/19 8:14 PM,7/21/19 8:47 PM,7/21/19 2:48 PM,7/21/19 12:50 PM,7/21/19 4:12 AM,7/21/19 9:29 PM,7/21/19 3:24 AM,7/21/19 10:16 PM
7/22/19 4:54 AM,7/22/19 5:27 AM,7/22/19 8:13 PM,7/22/19 8:46 PM,7/22/19 2:46 PM,7/22/19 12:50 PM,7/22/19 4:13 AM,7/22/19 9:27 PM,7/22/19 3:26 AM,7/22/19 10:15 PM
7/23/19 4:55 AM,7/23/19 5:28 AM,7/23/19 8:12 PM,7/23/19 8:45 PM,7/23/19 2:44 PM,7/23/19 12:50 PM,7/23/19 4:14 AM,7/23/19 9:26 PM,7/23/19 3:27 AM,7/23/19 10:13 PM
7/24/19 4:57 AM,7/24/19 5:29 AM,7/24/19 8:12 PM,7/24/19 8:44 PM,7/24/19 2:42 PM,7/24/19 12:50 PM,7/24/19 4:16 AM,7/24/19 9:25 PM,7/24/19 3:29 AM,7/24/19 10:12 PM
7/25/19 4:58 AM,7/25/19 5:30 AM,7/25/19 8:11 PM,7/25/19 8:43 PM,7/25/19 2:40 PM,7/25/19 12:50 PM,7/25/19 4:17 AM,7/25/19 9:24 PM,7/25/19 3:30 AM,7/25/19 10:10 PM
7/26/19 4:59 AM,7/26/19 5:31 AM,7/26/19 8:10 PM,7/26/19 8:42 PM,7/26/19 2:38 PM,7/26/19 12:50 PM,7/26/19 4:18 AM,7/26/19 9:22 PM,7/26/19 3:32 AM,7/26/19 10:09 PM
7/27/19 5:00 AM,7/27/19 5:32 AM,7/27/19 8:09 PM,7/27/19 8:41 PM,7/27/19 2:36 PM,7/27/19 12:50 PM,7/27/19 4:19 AM,7/27/19 9:21 PM,7/27/19 3:34 AM,7/27/19 10:07 PM
7/28/19 5:01 AM,7/28/19 5:33 AM,7/28/19 8:08 PM,7/28/19 8:40 PM,7/28/19 2:34 PM,7/28/19 12:50 PM,7/28/19 4:21 AM,7/28/19 9:20 PM,7/28/19 3:35 AM,7/28/19 10:05 PM
7/29/19 5:02 AM,7/29/19 5:34 AM,7/29/19 8:07 PM,7/29/19 8:38 PM,7/29/19 2:32 PM,7/29/19 12:50 PM,7/29/19 4:22 AM,7/29/19 9:18 PM,7/29/19 3:37 AM,7/29/19 10:03 PM
7/30/19 5:03 AM,7/30/19 5:35 AM,7/30/19 8:05 PM,7/30/19 8:37 PM,7/30/19 2:30 PM,7/30/19 12:50 PM,7/30/19 4:23 AM,7/30/19 9:17 PM,7/30/19 3:39 AM,7/30/19 10:02 PM
7/31/19 5:04 AM,7/31/19 5:36 AM,7/31/19 8:04 PM,7/31/19 8:36 PM,7/31/19 2:28 PM,7/31/19 12:50 PM,7/31/19 4:25 AM,7/31/19 9:16 PM,7/31/19 3:40 AM,7/31/19 10:00 PM
8/1/19 5:05 AM,8/1/19 5:37 AM,8/1/19 8:03 PM,8/1/19 8:35 PM,8/1/19 2:26 PM,8/1/19 12:50 PM,8/1/19 4:26 AM,8/1/19 9:14 PM,8/1/19 3:42 AM,8/1/19 9:58 PM
8/2/19 5:06 AM,8/2/19 5:38 AM,8/2/19 8:02 PM,8/2/19 8:33 PM,8/2/19 2:24 PM,8/2/19 12:50 PM,8/2/19 4:27 AM,8/2/19 9:13 PM,8/2/19 3:44 AM,8/2/19 9:56 PM
8/3/19 5:08 AM,8/3/19 5:39 AM,8/3/19 8:01 PM,8/3/19 8:32 PM,8/3/19 2:21 PM,8/3/19 12:50 PM,8/3/19 4:29 AM,8/3/19 9:11 PM,8/3/19 3:45 AM,8/3/19 9:55 PM
8/4/19 5:09 AM,8/4/19 5:40 AM,8/4/19 8:00 PM,8/4/19 8:31 PM,8/4/19 2:19 PM,8/4/19 12:50 PM,8/4/19 4:30 AM,8/4/19 9:10 PM,8/4/19 3:47 AM,8/4/19 9:53 PM
8/5/19 5:10 AM,8/5/19 5:41 AM,8/5/19 7:58 PM,8/5/19 8:29 PM,8/5/19 2:17 PM,8/5/19 12:50 PM,8/5/19 4:31 AM,8/5/19 9:08 PM,8/5/19 3:49 AM,8/5/19 9:51 PM
8/6/19 5:11 AM,8/6/19 5:42 AM,8/6/19 7:57 PM,8/6/19 8:28 PM,8/6/19 2:14 PM,8/6/19 12:50 PM,8/6/19 4:33 AM,8/6/19 9:07 PM,8/6/19 3:50 AM,8/6/19 9:49 PM
8/7/19 5:12 AM,8/7/19 5:43 AM,8/7/19 7:56 PM,8/7/19 8:27 PM,8/7/19 2:12 PM,8/7/19 12:49 PM,8/7/19 4:34 AM,8/7/19 9:05 PM,8/7/19 3:52 AM,8/7/19 9:47 PM
8/8/19 5:13 AM,8/8/19 5:44 AM,8/8/19 7:54 PM,8/8/19 8:25 PM,8/8/19 2:10 PM,8/8/19 12:49 PM,8/8/19 4:35 AM,8/8/19 9:03 PM,8/8/19 3:53 AM,8/8/19 9:45 PM
8/9/19 5:15 AM,8/9/19 5:45 AM,8/9/19 7:53 PM,8/9/19 8:24 PM,8/9/19 2:07 PM,8/9/19 12:49 PM,8/9/19 4:37 AM,8/9/19 9:02 PM,8/9/19 3:55 AM,8/9/19 9:43 PM
8/10/19 5:16 AM,8/10/19 5:46 AM,8/10/19 7:52 PM,8/10/19 8:22 PM,8/10/19 2:05 PM,8/10/19 12:49 PM,8/10/19 4:38 AM,8/10/19 9:00 PM,8/10/19 3:57 AM,8/10/19 9:41 PM
8/11/19 5:17 AM,8/11/19 5:47 AM,8/11/19 7:50 PM,8/11/19 8:21 PM,8/11/19 2:03 PM,8/11/19 12:49 PM,8/11/19 4:39 AM,8/11/19 8:58 PM,8/11/19 3:58 AM,8/11/19 9:39 PM
8/12/19 5:18 AM,8/12/19 5:48 AM,8/12/19 7:49 PM,8/12/19 8:19 PM,8/12/19 2:00 PM,8/12/19 12:49 PM,8/12/19 4:41 AM,8/12/19 8:57 PM,8/12/19 4:00 AM,8/12/19 9:37 PM
8/13/19 5:19 AM,8/13/19 5:49 AM,8/13/19 7:48 PM,8/13/19 8:18 PM,8/13/19 1:58 PM,8/13/19 12:49 PM,8/13/19 4:42 AM,8/13/19 8:55 PM,8/13/19 4:02 AM,8/13/19 9:35 PM
8/14/19 5:20 AM,8/14/19 5:51 AM,8/14/19 7:46 PM,8/14/19 8:16 PM,8/14/19 1:55 PM,8/14/19 12:48 PM,8/14/19 4:43 AM,8/14/19 8:53 PM,8/14/19 4:03 AM,8/14/19 9:34 PM
8/15/19 5:21 AM,8/15/19 5:52 AM,8/15/19 7:45 PM,8/15/19 8:15 PM,8/15/19 1:53 PM,8/15/19 12:48 PM,8/15/19 4:45 AM,8/15/19 8:52 PM,8/15/19 4:05 AM,8/15/19 9:32 PM
8/16/19 5:23 AM,8/16/19 5:53 AM,8/16/19 7:43 PM,8/16/19 8:13 PM,8/16/19 1:50 PM,8/16/19 12:48 PM,8/16/19 4:46 AM,8/16/19 8:50 PM,8/16/19 4:06 AM,8/16/19 9:30 PM
8/17/19 5:24 AM,8/17/19 5:54 AM,8/17/19 7:42 PM,8/17/19 8:12 PM,8/17/19 1:47 PM,8/17/19 12:48 PM,8/17/19 4:47 AM,8/17/19 8:48 PM,8/17/19 4:08 AM,8/17/19 9:28 PM
8/18/19 5:25 AM,8/18/19 5:55 AM,8/18/19 7:40 PM,8/18/19 8:10 PM,8/18/19 1:45 PM,8/18/19 12:47 PM,8/18/19 4:49 AM,8/18/19 8:46 PM,8/18/19 4:09 AM,8/18/19 9:26 PM
8/19/19 5:26 AM,8/19/19 5:56 AM,8/19/19 7:39 PM,8/19/19 8:08 PM,8/19/19 1:42 PM,8/19/19 12:47 PM,8/19/19 4:50 AM,8/19/19 8:45 PM,8/19/19 4:11 AM,8/19/19 9:23 PM
8/20/19 5:27 AM,8/20/19 5:57 AM,8/20/19 7:37 PM,8/20/19 8:07 PM,8/20/19 1:40 PM,8/20/19 12:47 PM,8/20/19 4:51 AM,8/20/19 8:43 PM,8/20/19 4:13 AM,8/20/19 9:21 PM
8/21/19 5:28 AM,8/21/19 5:58 AM,8/21/19 7:36 PM,8/21/19 8:05 PM,8/21/19 1:37 PM,8/21/19 12:47 PM,8/21/19 4:52 AM,8/21/19 8:41 PM,8/21/19 4:14 AM,8/21/19 9:19 PM
8/22/19 5:30 AM,8/22/19 5:59 AM,8/22/19 7:34 PM,8/22/19 8:03 PM,8/22/19 1:34 PM,8/22/19 12:46 PM,8/22/19 4:54 AM,8/22/19 8:39 PM,8/22/19 4:16 AM,8/22/19 9:17 PM
8/23/19 5:31 AM,8/23/19 6:00 AM,8/23/19 7:32 PM,8/23/19 8:02 PM,8/23/19 1:32 PM,8/23/19 12:46 PM,8/23/19 4:55 AM,8/23/19 8:37 PM,8/23/19 4:17 AM,8/23/19 9:15 PM
8/24/19 5:32 AM,8/24/19 6:01 AM,8/24/19 7:31 PM,8/24/19 8:00 PM,8/24/19 1:29 PM,8/24/19 12:46 PM,8/24/19 4:56 AM,8/24/19 8:36 PM,8/24/19 4:19 AM,8/24/19 9:13 PM
8/25/19 5:33 AM,8/25/19 6:02 AM,8/25/19 7:29 PM,8/25/19 7:58 PM,8/25/19 1:26 PM,8/25/19 12:46 PM,8/25/19 4:58 AM,8/25/19 8:34 PM,8/25/19 4:20 AM,8/25/19 9:11 PM
8/26/19 5:34 AM,8/26/19 6:03 AM,8/26/19 7:28 PM,8/26/19 7:57 PM,8/26/19 1:24 PM,8/26/19 12:45 PM,8/26/19 4:59 AM,8/26/19 8:32 PM,8/26/19 4:22 AM,8/26/19 9:09 PM
8/27/19 5:35 AM,8/27/19 6:04 AM,8/27/19 7:26 PM,8/27/19 7:55 PM,8/27/19 1:21 PM,8/27/19 12:45 PM,8/27/19 5:00 AM,8/27/19 8:30 PM,8/27/19 4:23 AM,8/27/19 9:07 PM
8/28/19 5:36 AM,8/28/19 6:05 AM,8/28/19 7:24 PM,8/28/19 7:53 PM,8/28/19 1:18 PM,8/28/19 12:45 PM,8/28/19 5:01 AM,8/28/19 8:28 PM,8/28/19 4:24 AM,8/28/19 9:05 PM
8/29/19 5:37 AM,8/29/19 6:06 AM,8/29/19 7:23 PM,8/29/19 7:52 PM,8/29/19 1:16 PM,8/29/19 12:44 PM,8/29/19 5:03 AM,8/29/19 8:26 PM,8/29/19 4:26 AM,8/29/19 9:03 PM
8/30/19 5:39 AM,8/30/19 6:07 AM,8/30/19 7:21 PM,8/30/19 7:50 PM,8/30/19 1:13 PM,8/30/19 12:44 PM,8/30/19 5:04 AM,8/30/19 8:25 PM,8/30/19 4:27 AM,8/30/19 9:01 PM
8/31/19 5:40 AM,8/31/19 6:09 AM,8/31/19 7:19 PM,8/31/19 7:48 PM,8/31/19 1:10 PM,8/31/19 12:44 PM,8/31/19 5:05 AM,8/31/19 8:23 PM,8/31/19 4:29 AM,8/31/19 8:59 PM
9/1/19 5:41 AM,9/1/19 6:10 AM,9/1/19 7:18 PM,9/1/19 7:46 PM,9/1/19 1:07 PM,9/1/19 12:44 PM,9/1/19 5:06 AM,9/1/19 8:21 PM,9/1/19 4:30 AM,9/1/19 8:57 PM
9/2/19 5:42 AM,9/2/19 6:11 AM,9/2/19 7:16 PM,9/2/19 7:45 PM,9/2/19 1:05 PM,9/2/19 12:43 PM,9/2/19 5:08 AM,9/2/19 8:19 PM,9/2/19 4:32 AM,9/2/19 8:55 PM
9/3/19 5:43 AM,9/3/19 6:12 AM,9/3/19 7:14 PM,9/3/19 7:43 PM,9/3/19 1:02 PM,9/3/19 12:43 PM,9/3/19 5:09 AM,9/3/19 8:17 PM,9/3/19 4:33 AM,9/3/19 8:53 PM
9/4/19 5:44 AM,9/4/19 6:13 AM,9/4/19 7:12 PM,9/4/19 7:41 PM,9/4/19 12:59 PM,9/4/19 12:43 PM,9/4/19 5:10 AM,9/4/19 8:15 PM,9/4/19 4:34 AM,9/4/19 8:51 PM
9/5/19 5:45 AM,9/5/19 6:14 AM,9/5/19 7:11 PM,9/5/19 7:39 PM,9/5/19 12:56 PM,9/5/19 12:42 PM,9/5/19 5:11 AM,9/5/19 8:13 PM,9/5/19 4:36 AM,9/5/19 8:49 PM
9/6/19 5:46 AM,9/6/19 6:15 AM,9/6/19 7:09 PM,9/6/19 7:37 PM,9/6/19 12:54 PM,9/6/19 12:42 PM,9/6/19 5:12 AM,9/6/19 8:11 PM,9/6/19 4:37 AM,9/6/19 8:47 PM
9/7/19 5:47 AM,9/7/19 6:16 AM,9/7/19 7:07 PM,9/7/19 7:36 PM,9/7/19 12:51 PM,9/7/19 12:42 PM,9/7/19 5:14 AM,9/7/19 8:10 PM,9/7/19 4:38 AM,9/7/19 8:45 PM
9/8/19 5:49 AM,9/8/19 6:17 AM,9/8/19 7:05 PM,9/8/19 7:34 PM,9/8/19 12:48 PM,9/8/19 12:41 PM,9/8/19 5:15 AM,9/8/19 8:08 PM,9/8/19 4:40 AM,9/8/19 8:43 PM
9/9/19 5:50 AM,9/9/19 6:18 AM,9/9/19 7:04 PM,9/9/19 7:32 PM,9/9/19 12:45 PM,9/9/19 12:41 PM,9/9/19 5:16 AM,9/9/19 8:06 PM,9/9/19 4:41 AM,9/9/19 8:41 PM
9/10/19 5:51 AM,9/10/19 6:19 AM,9/10/19 7:02 PM,9/10/19 7:30 PM,9/10/19 12:42 PM,9/10/19 12:41 PM,9/10/19 5:17 AM,9/10/19 8:04 PM,9/10/19 4:42 AM,9/10/19 8:39 PM
9/11/19 5:52 AM,9/11/19 6:20 AM,9/11/19 7:00 PM,9/11/19 7:28 PM,9/11/19 12:40 PM,9/11/19 12:40 PM,9/11/19 5:18 AM,9/11/19 8:02 PM,9/11/19 4:44 AM,9/11/19 8:37 PM
9/12/19 5:53 AM,9/12/19 6:21 AM,9/12/19 6:58 PM,9/12/19 7:27 PM,9/12/19 12:37 PM,9/12/19 12:40 PM,9/12/19 5:20 AM,9/12/19 8:00 PM,9/12/19 4:45 AM,9/12/19 8:35 PM
9/13/19 5:54 AM,9/13/19 6:22 AM,9/13/19 6:57 PM,9/13/19 7:25 PM,9/13/19 12:34 PM,9/13/19 12:39 PM,9/13/19 5:21 AM,9/13/19 7:58 PM,9/13/19 4:46 AM,9/13/19 8:33 PM
9/14/19 5:55 AM,9/14/19 6:23 AM,9/14/19 6:55 PM,9/14/19 7:23 PM,9/14/19 12:31 PM,9/14/19 12:39 PM,9/14/19 5:22 AM,9/14/19 7:56 PM,9/14/19 4:48 AM,9/14/19 8:31 PM
9/15/19 5:56 AM,9/15/19 6:24 AM,9/15/19 6:53 PM,9/15/19 7:21 PM,9/15/19 12:28 PM,9/15/19 12:39 PM,9/15/19 5:23 AM,9/15/19 7:54 PM,9/15/19 4:49 AM,9/15/19 8:29 PM
9/16/19 5:57 AM,9/16/19 6:25 AM,9/16/19 6:51 PM,9/16/19 7:19 PM,9/16/19 12:26 PM,9/16/19 12:38 PM,9/16/19 5:24 AM,9/16/19 7:53 PM,9/16/19 4:50 AM,9/16/19 8:27 PM
9/17/19 5:58 AM,9/17/19 6:26 AM,9/17/19 6:50 PM,9/17/19 7:18 PM,9/17/19 12:23 PM,9/17/19 12:38 PM,9/17/19 5:25 AM,9/17/19 7:51 PM,9/17/19 4:51 AM,9/17/19 8:25 PM
9/18/19 5:59 AM,9/18/19 6:27 AM,9/18/19 6:48 PM,9/18/19 7:16 PM,9/18/19 12:20 PM,9/18/19 12:38 PM,9/18/19 5:26 AM,9/18/19 7:49 PM,9/18/19 4:53 AM,9/18/19 8:23 PM
9/19/19 6:01 AM,9/19/19 6:29 AM,9/19/19 6:46 PM,9/19/19 7:14 PM,9/19/19 12:17 PM,9/19/19 12:37 PM,9/19/19 5:28 AM,9/19/19 7:47 PM,9/19/19 4:54 AM,9/19/19 8:21 PM
9/20/19 6:02 AM,9/20/19 6:30 AM,9/20/19 6:44 PM,9/20/19 7:12 PM,9/20/19 12:14 PM,9/20/19 12:37 PM,9/20/19 5:29 AM,9/20/19 7:45 PM,9/20/19 4:55 AM,9/20/19 8:19 PM
9/21/19 6:03 AM,9/21/19 6:31 AM,9/21/19 6:43 PM,9/21/19 7:10 PM,9/21/19 12:11 PM,9/21/19 12:37 PM,9/21/19 5:30 AM,9/21/19 7:43 PM,9/21/19 4:56 AM,9/21/19 8:17 PM
9/22/19 6:04 AM,9/22/19 6:32 AM,9/22/19 6:41 PM,9/22/19 7:09 PM,9/22/19 12:09 PM,9/22/19 12:36 PM,9/22/19 5:31 AM,9/22/19 7:42 PM,9/22/19 4:57 AM,9/22/19 8:15 PM
9/23/19 6:05 AM,9/23/19 6:33 AM,9/23/19 6:39 PM,9/23/19 7:07 PM,9/23/19 12:06 PM,9/23/19 12:36 PM,9/23/19 5:32 AM,9/23/19 7:40 PM,9/23/19 4:59 AM,9/23/19 8:13 PM
9/24/19 6:06 AM,9/24/19 6:34 AM,9/24/19 6:37 PM,9/24/19 7:05 PM,9/24/19 12:03 PM,9/24/19 12:36 PM,9/24/19 5:33 AM,9/24/19 7:38 PM,9/24/19 5:00 AM,9/24/19 8:11 PM
9/25/19 6:07 AM,9/25/19 6:35 AM,9/25/19 6:35 PM,9/25/19 7:03 PM,9/25/19 12:00 PM,9/25/19 12:35 PM,9/25/19 5:34 AM,9/25/19 7:36 PM,9/25/19 5:01 AM,9/25/19 8:09 PM
9/26/19 6:08 AM,9/26/19 6:36 AM,9/26/19 6:34 PM,9/26/19 7:02 PM,9/26/19 11:57 AM,9/26/19 12:35 PM,9/26/19 5:35 AM,9/26/19 7:34 PM,9/26/19 5:02 AM,9/26/19 8:07 PM
9/27/19 6:09 AM,9/27/19 6:37 AM,9/27/19 6:32 PM,9/27/19 7:00 PM,9/27/19 11:54 AM,9/27/19 12:35 PM,9/27/19 5:37 AM,9/27/19 7:32 PM,9/27/19 5:03 AM,9/27/19 8:06 PM
9/28/19 6:10 AM,9/28/19 6:38 AM,9/28/19 6:30 PM,9/28/19 6:58 PM,9/28/19 11:52 AM,9/28/19 12:34 PM,9/28/19 5:38 AM,9/28/19 7:31 PM,9/28/19 5:05 AM,9/28/19 8:04 PM
9/29/19 6:11 AM,9/29/19 6:39 AM,9/29/19 6:28 PM,9/29/19 6:56 PM,9/29/19 11:49 AM,9/29/19 12:34 PM,9/29/19 5:39 AM,9/29/19 7:29 PM,9/29/19 5:06 AM,9/29/19 8:02 PM
9/30/19 6:12 AM,9/30/19 6:40 AM,9/30/19 6:27 PM,9/30/19 6:55 PM,9/30/19 11:46 AM,9/30/19 12:34 PM,9/30/19 5:40 AM,9/30/19 7:27 PM,9/30/19 5:07 AM,9/30/19 8:00 PM
10/1/19 6:14 AM,10/1/19 6:41 AM,10/1/19 6:25 PM,10/1/19 6:53 PM,10/1/19 11:43 AM,10/1/19 12:33 PM,10/1/19 5:41 AM,10/1/19 7:25 PM,10/1/19 5:08 AM,10/1/19 7:58 PM
10/2/19 6:15 AM,10/2/19 6:43 AM,10/2/19 6:23 PM,10/2/19 6:51 PM,10/2/19 11:40 AM,10/2/19 12:33 PM,10/2/19 5:42 AM,10/2/19 7:24 PM,10/2/19 5:09 AM,10/2/19 7:57 PM
10/3/19 6:16 AM,10/3/19 6:44 AM,10/3/19 6:22 PM,10/3/19 6:49 PM,10/3/19 11:37 AM,10/3/19 12:33 PM,10/3/19 5:43 AM,10/3/19 7:22 PM,10/3/19 5:10 AM,10/3/19 7:55 PM
10/4/19 6:17 AM,10/4/19 6:45 AM,10/4/19 6:20 PM,10/4/19 6:48 PM,10/4/19 11:35 AM,10/4/19 12:32 PM,10/4/19 5:44 AM,10/4/19 7:20 PM,10/4/19 5:12 AM,10/4/19 7:53 PM
10/5/19 6:18 AM,10/5/19 6:46 AM,10/5/19 6:18 PM,10/5/19 6:46 PM,10/5/19 11:32 AM,10/5/19 12:32 PM,10/5/19 5:45 AM,10/5/19 7:19 PM,10/5/19 5:13 AM,10/5/19 7:51 PM
10/6/19 6:19 AM,10/6/19 6:47 AM,10/6/19 6:16 PM,10/6/19 6:44 PM,10/6/19 11:29 AM,10/6/19 12:32 PM,10/6/19 5:47 AM,10/6/19 7:17 PM,10/6/19 5:14 AM,10/6/19 7:50 PM
10/7/19 6:20 AM,10/7/19 6:48 AM,10/7/19 6:15 PM,10/7/19 6:43 PM,10/7/19 11:26 AM,10/7/19 12:31 PM,10/7/19 5:48 AM,10/7/19 7:15 PM,10/7/19 5:15 AM,10/7/19 7:48 PM
10/8/19 6:21 AM,10/8/19 6:49 AM,10/8/19 6:13 PM,10/8/19 6:41 PM,10/8/19 11:23 AM,10/8/19 12:31 PM,10/8/19 5:49 AM,10/8/19 7:13 PM,10/8/19 5:16 AM,10/8/19 7:46 PM
10/9/19 6:22 AM,10/9/19 6:50 AM,10/9/19 6:11 PM,10/9/19 6:39 PM,10/9/19 11:20 AM,10/9/19 12:31 PM,10/9/19 5:50 AM,10/9/19 7:12 PM,10/9/19 5:17 AM,10/9/19 7:44 PM
10/10/19 6:23 AM,10/10/19 6:52 AM,10/10/19 6:10 PM,10/10/19 6:38 PM,10/10/19 11:18 AM,10/10/19 12:31 PM,10/10/19 5:51 AM,10/10/19 7:10 PM,10/10/19 5:18 AM,10/10/19 7:43 PM
10/11/19 6:25 AM,10/11/19 6:53 AM,10/11/19 6:08 PM,10/11/19 6:36 PM,10/11/19 11:15 AM,10/11/19 12:30 PM,10/11/19 5:52 AM,10/11/19 7:09 PM,10/11/19 5:20 AM,10/11/19 7:41 PM
10/12/19 6:26 AM,10/12/19 6:54 AM,10/12/19 6:06 PM,10/12/19 6:34 PM,10/12/19 11:12 AM,10/12/19 12:30 PM,10/12/19 5:53 AM,10/12/19 7:07 PM,10/12/19 5:21 AM,10/12/19 7:40 PM
10/13/19 6:27 AM,10/13/19 6:55 AM,10/13/19 6:05 PM,10/13/19 6:33 PM,10/13/19 11:09 AM,10/13/19 12:30 PM,10/13/19 5:54 AM,10/13/19 7:05 PM,10/13/19 5:22 AM,10/13/19 7:38 PM
10/14/19 6:28 AM,10/14/19 6:56 AM,10/14/19 6:03 PM,10/14/19 6:31 PM,10/14/19 11:07 AM,10/14/19 12:30 PM,10/14/19 5:55 AM,10/14/19 7:04 PM,10/14/19 5:23 AM,10/14/19 7:36 PM
10/15/19 6:29 AM,10/15/19 6:57 AM,10/15/19 6:02 PM,10/15/19 6:30 PM,10/15/19 11:04 AM,10/15/19 12:29 PM,10/15/19 5:56 AM,10/15/19 7:02 PM,10/15/19 5:24 AM,10/15/19 7:35 PM
10/16/19 6:30 AM,10/16/19 6:58 AM,10/16/19 6:00 PM,10/16/19 6:28 PM,10/16/19 11:01 AM,10/16/19 12:29 PM,10/16/19 5:58 AM,10/16/19 7:01 PM,10/16/19 5:25 AM,10/16/19 7:33 PM
10/17/19 6:31 AM,10/17/19 7:00 AM,10/17/19 5:58 PM,10/17/19 6:27 PM,10/17/19 10:58 AM,10/17/19 12:29 PM,10/17/19 5:59 AM,10/17/19 6:59 PM,10/17/19 5:26 AM,10/17/19 7:32 PM
10/18/19 6:32 AM,10/18/19 7:01 AM,10/18/19 5:57 PM,10/18/19 6:25 PM,10/18/19 10:56 AM,10/18/19 12:29 PM,10/18/19 6:00 AM,10/18/19 6:58 PM,10/18/19 5:27 AM,10/18/19 7:30 PM
10/19/19 6:34 AM,10/19/19 7:02 AM,10/19/19 5:55 PM,10/19/19 6:24 PM,10/19/19 10:53 AM,10/19/19 12:29 PM,10/19/19 6:01 AM,10/19/19 6:56 PM,10/19/19 5:28 AM,10/19/19 7:29 PM
10/20/19 6:35 AM,10/20/19 7:03 AM,10/20/19 5:54 PM,10/20/19 6:22 PM,10/20/19 10:50 AM,10/20/19 12:28 PM,10/20/19 6:02 AM,10/20/19 6:55 PM,10/20/19 5:30 AM,10/20/19 7:27 PM
10/21/19 6:36 AM,10/21/19 7:04 AM,10/21/19 5:52 PM,10/21/19 6:21 PM,10/21/19 10:47 AM,10/21/19 12:28 PM,10/21/19 6:03 AM,10/21/19 6:53 PM,10/21/19 5:31 AM,10/21/19 7:26 PM
10/22/19 6:37 AM,10/22/19 7:06 AM,10/22/19 5:51 PM,10/22/19 6:19 PM,10/22/19 10:45 AM,10/22/19 12:28 PM,10/22/19 6:04 AM,10/22/19 6:52 PM,10/22/19 5:32 AM,10/22/19 7:24 PM
10/23/19 6:38 AM,10/23/19 7:07 AM,10/23/19 5:49 PM,10/23/19 6:18 PM,10/23/19 10:42 AM,10/23/19 12:28 PM,10/23/19 6:05 AM,10/23/19 6:51 PM,10/23/19 5:33 AM,10/23/19 7:23 PM
10/24/19 6:39 AM,10/24/19 7:08 AM,10/24/19 5:48 PM,10/24/19 6:16 PM,10/24/19 10:39 AM,10/24/19 12:28 PM,10/24/19 6:06 AM,10/24/19 6:49 PM,10/24/19 5:34 AM,10/24/19 7:22 PM
10/25/19 6:40 AM,10/25/19 7:09 AM,10/25/19 5:46 PM,10/25/19 6:15 PM,10/25/19 10:37 AM,10/25/19 12:28 PM,10/25/19 6:08 AM,10/25/19 6:48 PM,10/25/19 5:35 AM,10/25/19 7:20 PM
10/26/19 6:42 AM,10/26/19 7:10 AM,10/26/19 5:45 PM,10/26/19 6:14 PM,10/26/19 10:34 AM,10/26/19 12:28 PM,10/26/19 6:09 AM,10/26/19 6:47 PM,10/26/19 5:36 AM,10/26/19 7:19 PM
10/27/19 6:43 AM,10/27/19 7:12 AM,10/27/19 5:44 PM,10/27/19 6:12 PM,10/27/19 10:31 AM,10/27/19 12:28 PM,10/27/19 6:10 AM,10/27/19 6:45 PM,10/27/19 5:37 AM,10/27/19 7:18 PM
10/28/19 6:44 AM,10/28/19 7:13 AM,10/28/19 5:42 PM,10/28/19 6:11 PM,10/28/19 10:29 AM,10/28/19 12:27 PM,10/28/19 6:11 AM,10/28/19 6:44 PM,10/28/19 5:38 AM,10/28/19 7:17 PM
10/29/19 6:45 AM,10/29/19 7:14 AM,10/29/19 5:41 PM,10/29/19 6:10 PM,10/29/19 10:26 AM,10/29/19 12:27 PM,10/29/19 6:12 AM,10/29/19 6:43 PM,10/29/19 5:39 AM,10/29/19 7:15 PM
10/30/19 6:46 AM,10/30/19 7:15 AM,10/30/19 5:39 PM,10/30/19 6:08 PM,10/30/19 10:24 AM,10/30/19 12:27 PM,10/30/19 6:13 AM,10/30/19 6:42 PM,10/30/19 5:41 AM,10/30/19 7:14 PM
10/31/19 6:47 AM,10/31/19 7:17 AM,10/31/19 5:38 PM,10/31/19 6:07 PM,10/31/19 10:21 AM,10/31/19 12:27 PM,10/31/19 6:14 AM,10/31/19 6:40 PM,10/31/19 5:42 AM,10/31/19 7:13 PM
11/1/19 6:49 AM,11/1/19 7:18 AM,11/1/19 5:37 PM,11/1/19 6:06 PM,11/1/19 10:19 AM,11/1/19 12:27 PM,11/1/19 6:15 AM,11/1/19 6:39 PM,11/1/19 5:43 AM,11/1/19 7:12 PM
11/2/19 6:50 AM,11/2/19 7:19 AM,11/2/19 5:36 PM,11/2/19 6:05 PM,11/2/19 10:16 AM,11/2/19 12:27 PM,11/2/19 6:17 AM,11/2/19 6:38 PM,11/2/19 5:44 AM,11/2/19 7:11 PM
11/3/19 5:51 AM,11/3/19 6:20 AM,11/3/19 4:34 PM,11/3/19 5:04 PM,11/3/19 10:14 AM,11/3/19 11:27 AM,11/3/19 5:18 AM,11/3/19 5:37 PM,11/3/19 4:45 AM,11/3/19 6:10 PM
11/4/19 5:52 AM,11/4/19 6:22 AM,11/4/19 4:33 PM,11/4/19 5:02 PM,11/4/19 10:11 AM,11/4/19 11:27 AM,11/4/19 5:19 AM,11/4/19 5:36 PM,11/4/19 4:46 AM,11/4/19 6:09 PM
11/5/19 5:53 AM,11/5/19 6:23 AM,11/5/19 4:32 PM,11/5/19 5:01 PM,11/5/19 10:09 AM,11/5/19 11:27 AM,11/5/19 5:20 AM,11/5/19 5:35 PM,11/5/19 4:47 AM,11/5/19 6:08 PM
11/6/19 5:55 AM,11/6/19 6:24 AM,11/6/19 4:31 PM,11/6/19 5:00 PM,11/6/19 10:06 AM,11/6/19 11:27 AM,11/6/19 5:21 AM,11/6/19 5:34 PM,11/6/19 4:48 AM,11/6/19 6:07 PM
11/7/19 5:56 AM,11/7/19 6:25 AM,11/7/19 4:30 PM,11/7/19 4:59 PM,11/7/19 10:04 AM,11/7/19 11:27 AM,11/7/19 5:22 AM,11/7/19 5:33 PM,11/7/19 4:49 AM,11/7/19 6:06 PM
11/8/19 5:57 AM,11/8/19 6:27 AM,11/8/19 4:29 PM,11/8/19 4:58 PM,11/8/19 10:01 AM,11/8/19 11:28 AM,11/8/19 5:23 AM,11/8/19 5:32 PM,11/8/19 4:50 AM,11/8/19 6:05 PM
11/9/19 5:58 AM,11/9/19 6:28 AM,11/9/19 4:27 PM,11/9/19 4:57 PM,11/9/19 9:59 AM,11/9/19 11:28 AM,11/9/19 5:24 AM,11/9/19 5:31 PM,11/9/19 4:52 AM,11/9/19 6:04 PM
11/10/19 5:59 AM,11/10/19 6:29 AM,11/10/19 4:26 PM,11/10/19 4:56 PM,11/10/19 9:57 AM,11/10/19 11:28 AM,11/10/19 5:26 AM,11/10/19 5:30 PM,11/10/19 4:53 AM,11/10/19 6:03 PM
11/11/19 6:00 AM,11/11/19 6:30 AM,11/11/19 4:25 PM,11/11/19 4:55 PM,11/11/19 9:55 AM,11/11/19 11:28 AM,11/11/19 5:27 AM,11/11/19 5:29 PM,11/11/19 4:54 AM,11/11/19 6:02 PM
11/12/19 6:02 AM,11/12/19 6:32 AM,11/12/19 4:24 PM,11/12/19 4:54 PM,11/12/19 9:52 AM,11/12/19 11:28 AM,11/12/19 5:28 AM,11/12/19 5:28 PM,11/12/19 4:55 AM,11/12/19 6:01 PM
11/13/19 6:03 AM,11/13/19 6:33 AM,11/13/19 4:23 PM,11/13/19 4:53 PM,11/13/19 9:50 AM,11/13/19 11:28 AM,11/13/19 5:29 AM,11/13/19 5:27 PM,11/13/19 4:56 AM,11/13/19 6:00 PM
11/14/19 6:04 AM,11/14/19 6:34 AM,11/14/19 4:23 PM,11/14/19 4:53 PM,11/14/19 9:48 AM,11/14/19 11:28 AM,11/14/19 5:30 AM,11/14/19 5:27 PM,11/14/19 4:57 AM,11/14/19 6:00 PM
11/15/19 6:05 AM,11/15/19 6:35 AM,11/15/19 4:22 PM,11/15/19 4:52 PM,11/15/19 9:46 AM,11/15/19 11:28 AM,11/15/19 5:31 AM,11/15/19 5:26 PM,11/15/19 4:58 AM,11/15/19 5:59 PM
11/16/19 6:06 AM,11/16/19 6:36 AM,11/16/19 4:21 PM,11/16/19 4:51 PM,11/16/19 9:44 AM,11/16/19 11:29 AM,11/16/19 5:32 AM,11/16/19 5:25 PM,11/16/19 4:59 AM,11/16/19 5:58 PM
11/17/19 6:07 AM,11/17/19 6:38 AM,11/17/19 4:20 PM,11/17/19 4:50 PM,11/17/19 9:42 AM,11/17/19 11:29 AM,11/17/19 5:33 AM,11/17/19 5:24 PM,11/17/19 5:00 AM,11/17/19 5:58 PM
11/18/19 6:09 AM,11/18/19 6:39 AM,11/18/19 4:19 PM,11/18/19 4:50 PM,11/18/19 9:40 AM,11/18/19 11:29 AM,11/18/19 5:34 AM,11/18/19 5:24 PM,11/18/19 5:01 AM,11/18/19 5:57 PM
11/19/19 6:10 AM,11/19/19 6:40 AM,11/19/19 4:18 PM,11/19/19 4:49 PM,11/19/19 9:38 AM,11/19/19 11:29 AM,11/19/19 5:35 AM,11/19/19 5:23 PM,11/19/19 5:02 AM,11/19/19 5:56 PM
11/20/19 6:11 AM,11/20/19 6:41 AM,11/20/19 4:18 PM,11/20/19 4:48 PM,11/20/19 9:36 AM,11/20/19 11:30 AM,11/20/19 5:37 AM,11/20/19 5:22 PM,11/20/19 5:03 AM,11/20/19 5:56 PM
11/21/19 6:12 AM,11/21/19 6:43 AM,11/21/19 4:17 PM,11/21/19 4:48 PM,11/21/19 9:34 AM,11/21/19 11:30 AM,11/21/19 5:38 AM,11/21/19 5:22 PM,11/21/19 5:04 AM,11/21/19 5:55 PM
11/22/19 6:13 AM,11/22/19 6:44 AM,11/22/19 4:16 PM,11/22/19 4:47 PM,11/22/19 9:32 AM,11/22/19 11:30 AM,11/22/19 5:39 AM,11/22/19 5:21 PM,11/22/19 5:05 AM,11/22/19 5:55 PM
11/23/19 6:14 AM,11/23/19 6:45 AM,11/23/19 4:16 PM,11/23/19 4:46 PM,11/23/19 9:30 AM,11/23/19 11:30 AM,11/23/19 5:40 AM,11/23/19 5:21 PM,11/23/19 5:06 AM,11/23/19 5:54 PM
11/24/19 6:15 AM,11/24/19 6:46 AM,11/24/19 4:15 PM,11/24/19 4:46 PM,11/24/19 9:29 AM,11/24/19 11:31 AM,11/24/19 5:41 AM,11/24/19 5:20 PM,11/24/19 5:07 AM,11/24/19 5:54 PM
11/25/19 6:16 AM,11/25/19 6:47 AM,11/25/19 4:15 PM,11/25/19 4:45 PM,11/25/19 9:27 AM,11/25/19 11:31 AM,11/25/19 5:42 AM,11/25/19 5:20 PM,11/25/19 5:08 AM,11/25/19 5:54 PM
11/26/19 6:17 AM,11/26/19 6:48 AM,11/26/19 4:14 PM,11/26/19 4:45 PM,11/26/19 9:25 AM,11/26/19 11:31 AM,11/26/19 5:43 AM,11/26/19 5:20 PM,11/26/19 5:09 AM,11/26/19 5:53 PM
11/27/19 6:18 AM,11/27/19 6:49 AM,11/27/19 4:14 PM,11/27/19 4:45 PM,11/27/19 9:24 AM,11/27/19 11:32 AM,11/27/19 5:44 AM,11/27/19 5:19 PM,11/27/19 5:10 AM,11/27/19 5:53 PM
11/28/19 6:20 AM,11/28/19 6:51 AM,11/28/19 4:13 PM,11/28/19 4:44 PM,11/28/19 9:22 AM,11/28/19 11:32 AM,11/28/19 5:45 AM,11/28/19 5:19 PM,11/28/19 5:11 AM,11/28/19 5:53 PM
11/29/19 6:21 AM,11/29/19 6:52 AM,11/29/19 4:13 PM,11/29/19 4:44 PM,11/29/19 9:21 AM,11/29/19 11:32 AM,11/29/19 5:46 AM,11/29/19 5:19 PM,11/29/19 5:12 AM,11/29/19 5:53 PM
11/30/19 6:22 AM,11/30/19 6:53 AM,11/30/19 4:12 PM,11/30/19 4:44 PM,11/30/19 9:19 AM,11/30/19 11:33 AM,11/30/19 5:47 AM,11/30/19 5:19 PM,11/30/19 5:13 AM,11/30/19 5:52 PM
12/1/19 6:23 AM,12/1/19 6:54 AM,12/1/19 4:12 PM,12/1/19 4:43 PM,12/1/19 9:18 AM,12/1/19 11:33 AM,12/1/19 5:48 AM,12/1/19 5:18 PM,12/1/19 5:14 AM,12/1/19 5:52 PM
12/2/19 6:24 AM,12/2/19 6:55 AM,12/2/19 4:12 PM,12/2/19 4:43 PM,12/2/19 9:17 AM,12/2/19 11:33 AM,12/2/19 5:49 AM,12/2/19 5:18 PM,12/2/19 5:15 AM,12/2/19 5:52 PM
12/3/19 6:25 AM,12/3/19 6:56 AM,12/3/19 4:12 PM,12/3/19 4:43 PM,12/3/19 9:15 AM,12/3/19 11:34 AM,12/3/19 5:49 AM,12/3/19 5:18 PM,12/3/19 5:16 AM,12/3/19 5:52 PM
12/4/19 6:25 AM,12/4/19 6:57 AM,12/4/19 4:11 PM,12/4/19 4:43 PM,12/4/19 9:14 AM,12/4/19 11:34 AM,12/4/19 5:50 AM,12/4/19 5:18 PM,12/4/19 5:16 AM,12/4/19 5:52 PM
12/5/19 6:26 AM,12/5/19 6:58 AM,12/5/19 4:11 PM,12/5/19 4:43 PM,12/5/19 9:13 AM,12/5/19 11:35 AM,12/5/19 5:51 AM,12/5/19 5:18 PM,12/5/19 5:17 AM,12/5/19 5:52 PM
12/6/19 6:27 AM,12/6/19 6:59 AM,12/6/19 4:11 PM,12/6/19 4:43 PM,12/6/19 9:12 AM,12/6/19 11:35 AM,12/6/19 5:52 AM,12/6/19 5:18 PM,12/6/19 5:18 AM,12/6/19 5:52 PM
12/7/19 6:28 AM,12/7/19 7:00 AM,12/7/19 4:11 PM,12/7/19 4:43 PM,12/7/19 9:11 AM,12/7/19 11:35 AM,12/7/19 5:53 AM,12/7/19 5:18 PM,12/7/19 5:19 AM,12/7/19 5:52 PM
12/8/19 6:29 AM,12/8/19 7:01 AM,12/8/19 4:11 PM,12/8/19 4:43 PM,12/8/19 9:10 AM,12/8/19 11:36 AM,12/8/19 5:54 AM,12/8/19 5:18 PM,12/8/19 5:20 AM,12/8/19 5:52 PM
12/9/19 6:30 AM,12/9/19 7:02 AM,12/9/19 4:11 PM,12/9/19 4:43 PM,12/9/19 9:09 AM,12/9/19 11:36 AM,12/9/19 5:55 AM,12/9/19 5:18 PM,12/9/19 5:21 AM,12/9/19 5:52 PM
12/10/19 6:31 AM,12/10/19 7:02 AM,12/10/19 4:11 PM,12/10/19 4:43 PM,12/10/19 9:08 AM,12/10/19 11:37 AM,12/10/19 5:55 AM,12/10/19 5:18 PM,12/10/19 5:21 AM,12/10/19 5:52 PM
12/11/19 6:32 AM,12/11/19 7:03 AM,12/11/19 4:11 PM,12/11/19 4:43 PM,12/11/19 9:08 AM,12/11/19 11:37 AM,12/11/19 5:56 AM,12/11/19 5:18 PM,12/11/19 5:22 AM,12/11/19 5:52 PM
12/12/19 6:32 AM,12/12/19 7:04 AM,12/12/19 4:11 PM,12/12/19 4:43 PM,12/12/19 9:07 AM,12/12/19 11:38 AM,12/12/19 5:57 AM,12/12/19 5:19 PM,12/12/19 5:23 AM,12/12/19 5:53 PM
12/13/19 6:33 AM,12/13/19 7:05 AM,12/13/19 4:12 PM,12/13/19 4:43 PM,12/13/19 9:06 AM,12/13/19 11:38 AM,12/13/19 5:58 AM,12/13/19 5:19 PM,12/13/19 5:23 AM,12/13/19 5:53 PM
12/14/19 6:34 AM,12/14/19 7:06 AM,12/14/19 4:12 PM,12/14/19 4:44 PM,12/14/19 9:06 AM,12/14/19 11:39 AM,12/14/19 5:58 AM,12/14/19 5:19 PM,12/14/19 5:24 AM,12/14/19 5:53 PM
12/15/19 6:34 AM,12/15/19 7:06 AM,12/15/19 4:12 PM,12/15/19 4:44 PM,12/15/19 9:05 AM,12/15/19 11:39 AM,12/15/19 5:59 AM,12/15/19 5:19 PM,12/15/19 5:25 AM,12/15/19 5:54 PM
12/16/19 6:35 AM,12/16/19 7:07 AM,12/16/19 4:12 PM,12/16/19 4:44 PM,12/16/19 9:05 AM,12/16/19 11:40 AM,12/16/19 6:00 AM,12/16/19 5:20 PM,12/16/19 5:25 AM,12/16/19 5:54 PM
12/17/19 6:36 AM,12/17/19 7:08 AM,12/17/19 4:13 PM,12/17/19 4:45 PM,12/17/19 9:05 AM,12/17/19 11:40 AM,12/17/19 6:00 AM,12/17/19 5:20 PM,12/17/19 5:26 AM,12/17/19 5:54 PM
12/18/19 6:36 AM,12/18/19 7:08 AM,12/18/19 4:13 PM,12/18/19 4:45 PM,12/18/19 9:04 AM,12/18/19 11:41 AM,12/18/19 6:01 AM,12/18/19 5:20 PM,12/18/19 5:27 AM,12/18/19 5:55 PM
12/19/19 6:37 AM,12/19/19 7:09 AM,12/19/19 4:14 PM,12/19/19 4:45 PM,12/19/19 9:04 AM,12/19/19 11:41 AM,12/19/19 6:01 AM,12/19/19 5:21 PM,12/19/19 5:27 AM,12/19/19 5:55 PM
12/20/19 6:37 AM,12/20/19 7:09 AM,12/20/19 4:14 PM,12/20/19 4:46 PM,12/20/19 9:04 AM,12/20/19 11:42 AM,12/20/19 6:02 AM,12/20/19 5:21 PM,12/20/19 5:28 AM,12/20/19 5:56 PM
12/21/19 6:38 AM,12/21/19 7:10 AM,12/21/19 4:14 PM,12/21/19 4:46 PM,12/21/19 9:04 AM,12/21/19 11:42 AM,12/21/19 6:02 AM,12/21/19 5:22 PM,12/21/19 5:28 AM,12/21/19 5:56 PM
12/22/19 6:38 AM,12/22/19 7:10 AM,12/22/19 4:15 PM,12/22/19 4:47 PM,12/22/19 9:04 AM,12/22/19 11:43 AM,12/22/19 6:03 AM,12/22/19 5:22 PM,12/22/19 5:29 AM,12/22/19 5:57 PM
12/23/19 6:39 AM,12/23/19 7:11 AM,12/23/19 4:16 PM,12/23/19 4:47 PM,12/23/19 9:04 AM,12/23/19 11:43 AM,12/23/19 6:03 AM,12/23/19 5:23 PM,12/23/19 5:29 AM,12/23/19 5:57 PM
12/24/19 6:39 AM,12/24/19 7:11 AM,12/24/19 4:16 PM,12/24/19 4:48 PM,12/24/19 9:05 AM,12/24/19 11:44 AM,12/24/19 6:04 AM,12/24/19 5:23 PM,12/24/19 5:30 AM,12/24/19 5:58 PM
12/25/19 6:40 AM,12/25/19 7:11 AM,12/25/19 4:17 PM,12/25/19 4:49 PM,12/25/19 9:05 AM,12/25/19 11:44 AM,12/25/19 6:04 AM,12/25/19 5:24 PM,12/25/19 5:30 AM,12/25/19 5:58 PM
12/26/19 6:40 AM,12/26/19 7:12 AM,12/26/19 4:17 PM,12/26/19 4:49 PM,12/26/19 9:05 AM,12/26/19 11:45 AM,12/26/19 6:05 AM,12/26/19 5:25 PM,12/26/19 5:30 AM,12/26/19 5:59 PM
12/27/19 6:40 AM,12/27/19 7:12 AM,12/27/19 4:18 PM,12/27/19 4:50 PM,12/27/19 9:06 AM,12/27/19 11:45 AM,12/27/19 6:05 AM,12/27/19 5:25 PM,12/27/19 5:31 AM,12/27/19 6:00 PM
12/28/19 6:41 AM,12/28/19 7:12 AM,12/28/19 4:19 PM,12/28/19 4:51 PM,12/28/19 9:06 AM,12/28/19 11:46 AM,12/28/19 6:05 AM,12/28/19 5:26 PM,12/28/19 5:31 AM,12/28/19 6:00 PM
12/29/19 6:41 AM,12/29/19 7:13 AM,12/29/19 4:20 PM,12/29/19 4:51 PM,12/29/19 9:07 AM,12/29/19 11:46 AM,12/29/19 6:05 AM,12/29/19 5:27 PM,12/29/19 5:31 AM,12/29/19 6:01 PM
12/30/19 6:41 AM,12/30/19 7:13 AM,12/30/19 4:20 PM,12/30/19 4:52 PM,12/30/19 9:07 AM,12/30/19 11:47 AM,12/30/19 6:06 AM,12/30/19 5:27 PM,12/30/19 5:31 AM,12/30/19 6:02 PM
12/31/19 6:41 AM,12/31/19 7:13 AM,12/31/19 4:21 PM,12/31/19 4:53 PM,12/31/19 9:08 AM,12/31/19 11:47 AM,12/31/19 6:06 AM,12/31/19 5:28 PM,12/31/19 5:32 AM,12/31/19 6:02 PM
